customer_id,rental_id,amount,payment_date
1,573,0.99,"2005-05-28 10:35:23"
1,1422,0.99,"2005-06-15 18:02:53"
1,2363,0.99,"2005-06-18 13:33:59"
1,8074,0.99,"2005-07-28 17:33:39"
1,8116,0.99,"2005-07-28 19:20:07"
1,11367,0.99,"2005-08-02 18:01:38"
1,12250,0.99,"2005-08-18 03:57:29"
1,13068,0.99,"2005-08-19 09:55:16"
1,14762,0.99,"2005-08-21 23:33:57"
2,9248,0.99,"2005-07-30 14:14:11"
2,10466,0.99,"2005-08-01 09:45:26"
2,10918,0.99,"2005-08-02 02:10:56"
3,15038,0.99,"2005-08-22 09:37:27"
4,1633,0.99,"2005-06-16 08:08:40"
4,1735,0.99,"2005-06-16 15:51:52"
4,2043,0.99,"2005-06-17 14:31:12"
4,11069,0.99,"2005-08-02 07:09:34"
5,731,0.99,"2005-05-29 07:25:16"
5,5721,0.99,"2005-07-10 11:09:35"
5,7293,0.99,"2005-07-27 12:37:28"
5,7652,0.99,"2005-07-28 01:50:29"
5,10625,0.99,"2005-08-01 15:27:10"
5,13877,0.99,"2005-08-20 15:16:18"
5,15232,0.99,"2005-08-22 17:37:02"
5,13209,0.99,"2006-02-14 15:16:03"
6,916,0.99,"2005-05-30 11:25:01"
6,1966,0.99,"2005-06-17 09:19:45"
6,2345,0.99,"2005-06-18 12:03:23"
6,3983,0.99,"2005-07-06 23:14:21"
6,5553,0.99,"2005-07-10 03:03:35"
6,6686,0.99,"2005-07-12 12:18:38"
6,8101,0.99,"2005-07-28 18:47:23"
6,11727,0.99,"2005-08-17 08:12:20"
6,11853,0.99,"2005-08-17 13:39:32"
6,15603,0.99,"2005-08-23 06:41:32"
7,117,0.99,"2005-05-25 19:30:46"
7,1810,0.99,"2005-06-16 21:06:00"
7,2709,0.99,"2005-06-19 14:00:26"
7,3007,0.99,"2005-06-20 10:11:53"
7,13594,0.99,"2005-08-20 05:53:31"
8,4003,0.99,"2005-07-07 00:09:02"
8,6647,0.99,"2005-07-12 10:43:53"
8,10141,0.99,"2005-07-31 22:08:29"
8,14114,0.99,"2005-08-21 01:07:11"
9,877,0.99,"2005-05-30 05:48:59"
9,4748,0.99,"2005-07-08 13:59:38"
9,7616,0.99,"2005-07-28 00:15:26"
9,10451,0.99,"2005-08-01 09:11:25"
9,11556,0.99,"2005-08-17 01:11:53"
10,2814,0.99,"2005-06-19 20:01:59"
10,2865,0.99,"2005-06-20 00:00:55"
10,5444,0.99,"2005-07-09 21:58:57"
10,11405,0.99,"2005-08-02 19:13:39"
11,3192,0.99,"2005-06-20 23:49:12"
11,8715,0.99,"2005-07-29 17:33:45"
11,11502,0.99,"2005-08-16 23:06:30"
11,13572,0.99,"2005-08-20 05:07:27"
11,15120,0.99,"2005-08-22 12:42:47"
11,11646,0.99,"2006-02-14 15:16:03"
12,3411,0.99,"2005-06-21 16:31:27"
12,5071,0.99,"2005-07-09 05:00:39"
12,5074,0.99,"2005-07-09 05:06:24"
12,5111,0.99,"2005-07-09 07:02:19"
12,7008,0.99,"2005-07-27 01:44:03"
12,7279,0.99,"2005-07-27 11:50:47"
12,8985,0.99,"2005-07-30 04:34:51"
12,11497,0.99,"2005-08-16 22:52:30"
12,13519,0.99,"2005-08-20 02:37:07"
12,15993,0.99,"2005-08-23 20:28:44"
13,6870,0.99,"2005-07-12 20:13:45"
13,9434,0.99,"2005-07-30 21:29:41"
13,9664,0.99,"2005-07-31 06:12:08"
13,11315,0.99,"2005-08-02 16:05:17"
13,13213,0.99,"2005-08-19 15:25:48"
13,13456,0.99,"2005-08-20 00:33:19"
14,151,0.99,"2005-05-26 00:37:28"
14,815,0.99,"2005-05-29 20:24:28"
14,4952,0.99,"2005-07-08 23:00:07"
14,5104,0.99,"2005-07-09 06:37:07"
14,8042,0.99,"2005-07-28 16:45:11"
14,15373,0.99,"2005-08-22 22:08:11"
14,16045,0.99,"2005-08-23 22:25:26"
15,3182,0.99,"2005-06-20 22:52:18"
15,8193,0.99,"2005-07-28 22:50:50"
15,14569,0.99,"2005-08-21 16:31:22"
15,15178,0.99,"2005-08-22 15:36:04"
16,887,0.99,"2005-05-30 07:10:00"
16,3348,0.99,"2005-06-21 11:16:42"
16,3548,0.99,"2005-07-06 02:23:39"
16,7489,0.99,"2005-07-27 19:39:38"
16,9158,0.99,"2005-07-30 11:12:03"
16,11308,0.99,"2005-08-02 15:50:44"
17,9489,0.99,"2005-07-30 23:43:32"
18,6846,0.99,"2005-07-12 19:20:45"
18,12333,0.99,"2005-08-18 06:51:39"
18,13490,0.99,"2005-08-20 01:29:29"
19,18,0.99,"2005-05-25 01:10:47"
19,9256,0.99,"2005-07-30 14:29:29"
19,15529,0.99,"2005-08-23 03:46:47"
20,1558,0.99,"2005-06-16 02:33:53"
20,11821,0.99,"2005-08-17 12:27:55"
20,12180,0.99,"2005-08-18 01:28:15"
20,15248,0.99,"2005-08-22 17:53:06"
21,570,0.99,"2005-05-28 10:15:04"
21,7994,0.99,"2005-07-28 14:56:54"
21,9149,0.99,"2005-07-30 10:45:12"
21,10734,0.99,"2005-08-01 19:28:47"
21,11072,0.99,"2005-08-02 07:10:57"
21,11970,0.99,"2005-08-17 17:53:09"
22,9410,0.99,"2005-07-30 20:38:05"
22,12809,0.99,"2005-08-19 00:42:24"
23,1090,0.99,"2005-05-31 12:03:44"
23,2827,0.99,"2005-06-19 20:50:01"
23,8718,0.99,"2005-07-29 17:41:14"
23,13511,0.99,"2005-08-20 02:21:40"
23,13557,0.99,"2005-08-20 04:12:41"
24,5310,0.99,"2005-07-09 16:00:34"
24,5648,0.99,"2005-07-10 07:09:21"
24,9723,0.99,"2005-07-31 08:31:18"
24,9925,0.99,"2005-07-31 15:08:47"
24,13247,0.99,"2005-08-19 16:45:59"
25,4319,0.99,"2005-07-07 17:50:27"
25,8878,0.99,"2005-07-30 00:15:57"
25,11642,0.99,"2005-08-17 04:48:05"
25,12922,0.99,"2005-08-19 04:48:48"
25,15512,0.99,"2005-08-23 02:57:30"
26,4402,0.99,"2005-07-07 21:28:46"
26,7328,0.99,"2005-07-27 13:55:18"
26,9484,0.99,"2005-07-30 23:31:40"
26,11338,0.99,"2005-08-02 17:00:12"
27,4038,0.99,"2005-07-07 02:52:53"
27,5552,0.99,"2005-07-10 03:01:19"
27,6115,0.99,"2005-07-11 07:36:50"
27,9244,0.99,"2005-07-30 14:06:53"
27,11234,0.99,"2005-08-02 13:12:17"
27,12461,0.99,"2005-08-18 11:28:14"
27,15048,0.99,"2005-08-22 10:00:04"
28,2604,0.99,"2005-06-19 06:30:10"
28,3231,0.99,"2005-06-21 02:25:00"
28,3845,0.99,"2005-07-06 16:38:14"
28,4704,0.99,"2005-07-08 11:45:35"
28,6032,0.99,"2005-07-11 02:49:01"
28,6476,0.99,"2005-07-12 01:37:48"
28,12359,0.99,"2005-08-18 07:44:05"
29,2655,0.99,"2005-06-19 10:38:42"
29,2673,0.99,"2005-06-19 11:42:20"
29,4313,0.99,"2005-07-07 17:36:56"
29,4535,0.99,"2005-07-08 03:40:46"
29,7453,0.99,"2005-07-27 18:27:13"
29,13436,0.99,"2005-08-19 23:36:25"
29,14174,0.99,"2005-08-21 03:01:45"
29,15577,0.99,"2006-02-14 15:16:03"
30,5289,0.99,"2005-07-09 15:14:08"
30,6249,0.99,"2005-07-11 15:02:02"
30,9551,0.99,"2005-07-31 02:04:58"
30,9641,0.99,"2005-07-31 05:33:48"
30,12758,0.99,"2005-08-18 22:58:34"
30,13435,0.99,"2005-08-19 23:35:44"
30,14339,0.99,"2005-08-21 08:37:15"
31,2233,0.99,"2005-06-18 03:57:36"
31,2438,0.99,"2005-06-18 18:34:21"
31,2530,0.99,"2005-06-19 01:20:00"
31,3205,0.99,"2005-06-21 00:38:47"
31,8997,0.99,"2005-07-30 04:53:56"
31,12377,0.99,"2005-08-18 08:26:05"
32,2160,0.99,"2005-06-17 23:39:11"
32,4899,0.99,"2005-07-08 20:37:11"
32,5767,0.99,"2005-07-10 13:13:18"
32,14075,0.99,"2005-08-20 23:18:54"
33,5421,0.99,"2005-07-09 20:49:12"
33,6280,0.99,"2005-07-11 16:36:17"
33,14002,0.99,"2005-08-20 20:12:19"
33,14623,0.99,"2005-08-21 18:29:13"
33,12277,0.99,"2006-02-14 15:16:03"
34,3150,0.99,"2005-06-20 20:35:28"
34,7532,0.99,"2005-07-27 21:20:52"
34,10523,0.99,"2005-08-01 11:52:32"
34,11096,0.99,"2005-08-02 08:05:19"
34,12651,0.99,"2005-08-18 18:36:16"
35,1579,0.99,"2005-06-16 04:09:08"
35,2231,0.99,"2005-06-18 03:52:14"
35,4990,0.99,"2005-07-09 00:48:49"
35,5323,0.99,"2005-07-09 16:34:07"
35,5963,0.99,"2005-07-10 23:47:08"
35,14110,0.99,"2005-08-21 00:53:09"
36,349,0.99,"2005-05-27 04:53:11"
36,716,0.99,"2005-05-29 04:35:29"
36,2741,0.99,"2005-06-19 16:05:41"
36,4135,0.99,"2005-07-07 08:15:03"
36,5403,0.99,"2005-07-09 20:07:09"
36,6030,0.99,"2005-07-11 02:37:51"
36,7647,0.99,"2005-07-28 01:35:17"
36,8099,0.99,"2005-07-28 18:35:12"
36,9805,0.99,"2005-07-31 11:11:10"
36,10963,0.99,"2005-08-02 03:48:17"
37,25,0.99,"2005-05-25 03:21:20"
37,7939,0.99,"2005-07-28 12:45:47"
37,13444,0.99,"2005-08-20 00:00:24"
37,14084,0.99,"2005-08-20 23:42:46"
37,15904,0.99,"2005-08-23 17:32:19"
37,16035,0.99,"2005-08-23 22:08:04"
38,6961,0.99,"2005-07-27 00:10:49"
38,7795,0.99,"2005-07-28 07:28:16"
38,9216,0.99,"2005-07-30 13:11:19"
38,9284,0.99,"2005-07-30 15:25:19"
38,12092,0.99,"2005-08-17 22:28:15"
39,2135,0.99,"2005-06-17 21:14:02"
39,10126,0.99,"2005-07-31 21:36:07"
39,10630,0.99,"2005-08-01 15:34:46"
39,12268,0.99,"2005-08-18 04:26:54"
40,3428,0.99,"2005-06-21 18:39:34"
40,6502,0.99,"2005-07-12 03:15:45"
40,7684,0.99,"2005-07-28 03:11:54"
40,8031,0.99,"2005-07-28 16:15:49"
40,11919,0.99,"2005-08-17 16:08:49"
40,13376,0.99,"2005-08-19 21:31:45"
41,8098,0.99,"2005-07-28 18:34:20"
41,12821,0.99,"2005-08-19 01:07:02"
42,1534,0.99,"2005-06-16 00:49:32"
42,6925,0.99,"2005-07-26 22:52:32"
42,8049,0.99,"2005-07-28 16:51:58"
43,6680,0.99,"2005-07-12 12:01:56"
44,29,0.99,"2005-05-25 03:47:12"
44,721,0.99,"2005-05-29 05:28:47"
44,4390,0.99,"2005-07-07 20:59:06"
44,7514,0.99,"2005-07-27 20:51:49"
45,3444,0.99,"2005-06-21 20:39:39"
45,4843,0.99,"2005-07-08 18:27:28"
45,5637,0.99,"2005-07-10 06:31:37"
45,6001,0.99,"2005-07-11 01:24:44"
46,2144,0.99,"2005-06-17 22:05:40"
46,7336,0.99,"2005-07-27 14:11:45"
46,11721,0.99,"2005-08-17 07:49:17"
46,13226,0.99,"2005-08-19 16:05:36"
46,15708,0.99,"2005-08-23 10:35:51"
47,5174,0.99,"2005-07-09 09:31:59"
47,6164,0.99,"2005-07-11 10:16:23"
47,11126,0.99,"2005-08-02 08:59:04"
47,14397,0.99,"2005-08-21 10:25:56"
48,72,0.99,"2005-05-25 10:52:13"
48,2822,0.99,"2005-06-19 20:29:24"
49,1164,0.99,"2005-06-14 23:16:26"
49,1688,0.99,"2005-06-16 12:11:20"
49,3615,0.99,"2005-07-06 05:47:47"
49,9006,0.99,"2005-07-30 05:06:32"
49,10266,0.99,"2005-08-01 03:05:59"
50,3000,0.99,"2005-06-20 09:32:33"
50,6634,0.99,"2005-07-12 09:37:18"
50,8089,0.99,"2005-07-28 18:26:47"
50,8261,0.99,"2005-07-29 01:11:05"
50,9179,0.99,"2005-07-30 12:02:41"
50,10165,0.99,"2005-07-31 23:21:23"
51,1477,0.99,"2005-06-15 21:11:18"
51,8693,0.99,"2005-07-29 16:44:13"
51,8880,0.99,"2005-07-30 00:16:55"
51,9649,0.99,"2005-07-31 05:46:54"
51,10894,0.99,"2005-08-02 01:12:35"
51,12184,0.99,"2005-08-18 01:36:00"
51,13868,0.99,"2005-08-20 15:06:26"
52,874,0.99,"2005-05-30 05:36:21"
52,2232,0.99,"2005-06-18 03:54:31"
52,5308,0.99,"2005-07-09 15:58:38"
52,7284,0.99,"2005-07-27 12:12:04"
52,10591,0.99,"2005-08-01 14:12:29"
52,10635,0.99,"2005-08-01 15:37:58"
52,11068,0.99,"2005-08-02 07:08:07"
52,12520,0.99,"2005-08-18 13:42:45"
53,751,0.99,"2005-05-29 09:55:43"
53,1964,0.99,"2005-06-17 09:10:09"
53,3244,0.99,"2005-06-21 03:01:10"
53,14091,0.99,"2005-08-21 00:11:17"
53,14811,0.99,"2005-08-22 01:09:04"
54,6813,0.99,"2005-07-12 18:03:50"
54,12872,0.99,"2005-08-19 02:57:37"
54,13890,0.99,"2005-08-20 15:41:00"
55,1048,0.99,"2005-05-31 06:49:53"
56,2140,0.99,"2005-06-17 21:40:29"
56,2989,0.99,"2005-06-20 08:59:37"
56,7942,0.99,"2005-07-28 12:49:44"
56,8285,0.99,"2005-07-29 02:00:18"
56,10678,0.99,"2005-08-01 17:26:24"
56,14534,0.99,"2005-08-21 15:16:29"
57,2105,0.99,"2005-06-17 19:15:45"
57,3357,0.99,"2005-06-21 11:55:42"
57,5694,0.99,"2005-07-10 09:40:38"
57,9086,0.99,"2005-07-30 08:18:46"
57,9136,0.99,"2005-07-30 10:07:20"
57,9703,0.99,"2005-07-31 07:34:52"
57,13163,0.99,"2005-08-19 13:29:46"
57,13743,0.99,"2005-08-20 10:51:27"
57,15571,0.99,"2005-08-23 05:26:30"
58,230,0.99,"2005-05-26 11:31:50"
58,761,0.99,"2005-05-29 11:09:01"
58,2543,0.99,"2005-06-19 02:14:11"
58,2906,0.99,"2005-06-20 03:04:56"
58,8853,0.99,"2005-07-29 23:34:21"
58,10668,0.99,"2005-08-01 17:00:27"
58,15326,0.99,"2006-02-14 15:16:03"
60,7067,0.99,"2005-07-27 03:55:10"
60,7494,0.99,"2005-07-27 19:56:31"
60,10680,0.99,"2005-08-01 17:28:05"
60,15632,0.99,"2005-08-23 07:30:26"
61,1157,0.99,"2005-05-31 22:47:45"
61,10549,0.99,"2005-08-01 12:46:39"
61,13450,0.99,"2005-08-20 00:18:15"
61,13830,0.99,"2005-08-20 13:57:59"
62,885,0.99,"2005-05-30 06:54:28"
62,1486,0.99,"2005-06-15 21:25:30"
62,1587,0.99,"2005-06-16 04:52:28"
62,3287,0.99,"2005-06-21 06:32:39"
62,10080,0.99,"2005-07-31 20:07:10"
62,11988,0.99,"2005-08-17 18:23:50"
62,15591,0.99,"2005-08-23 06:11:52"
63,1818,0.99,"2005-06-16 21:30:34"
63,9007,0.99,"2005-07-30 05:09:32"
63,9795,0.99,"2005-07-31 10:47:19"
63,10148,0.99,"2005-07-31 22:19:16"
63,12515,0.99,"2005-08-18 13:39:26"
63,13089,0.99,"2005-08-19 10:38:56"
64,587,0.99,"2005-05-28 12:05:33"
64,1335,0.99,"2005-06-15 11:51:30"
64,3982,0.99,"2005-07-06 23:14:16"
64,5432,0.99,"2005-07-09 21:21:25"
64,6457,0.99,"2005-07-12 01:06:35"
64,6744,0.99,"2005-07-12 14:30:28"
64,7045,0.99,"2005-07-27 03:27:35"
64,10185,0.99,"2005-08-01 00:12:11"
64,12409,0.99,"2005-08-18 09:43:58"
64,13971,0.99,"2005-08-20 18:44:53"
64,14316,0.99,"2005-08-21 07:59:47"
65,657,0.99,"2005-05-28 20:23:09"
65,6527,0.99,"2005-07-12 04:23:06"
65,13692,0.99,"2005-08-20 09:07:52"
65,14356,0.99,"2005-08-21 09:08:51"
66,5915,0.99,"2005-07-10 21:12:16"
66,10419,0.99,"2005-08-01 08:13:22"
66,11935,0.99,"2005-08-17 16:42:13"
66,12699,0.99,"2005-08-18 20:20:59"
66,14429,0.99,"2005-08-21 11:29:43"
67,2810,0.99,"2005-06-19 19:44:12"
67,7895,0.99,"2005-07-28 10:57:15"
68,3598,0.99,"2005-07-06 05:11:04"
68,3864,0.99,"2005-07-06 17:41:42"
68,14242,0.99,"2005-08-21 05:25:59"
69,4265,0.99,"2005-07-07 14:27:51"
69,4427,0.99,"2005-07-07 22:28:51"
69,10074,0.99,"2005-07-31 19:57:16"
69,14685,0.99,"2005-08-21 20:31:25"
69,11995,0.99,"2006-02-14 15:16:03"
70,4061,0.99,"2005-07-07 04:13:35"
70,8550,0.99,"2005-07-29 11:12:37"
70,15238,0.99,"2005-08-22 17:46:12"
71,6020,0.99,"2005-07-11 02:08:55"
71,7160,0.99,"2005-07-27 07:26:06"
71,8956,0.99,"2005-07-30 03:32:29"
71,16000,0.99,"2005-08-23 20:44:36"
72,1047,0.99,"2005-05-31 06:45:57"
72,3700,0.99,"2005-07-06 10:12:19"
72,5424,0.99,"2005-07-09 20:59:09"
72,6081,0.99,"2005-07-11 05:11:09"
72,10267,0.99,"2005-08-01 03:07:26"
72,12448,0.99,"2005-08-18 10:59:04"
72,12593,0.99,"2005-08-18 16:17:54"
72,13145,0.99,"2005-08-19 12:53:53"
72,13597,0.99,"2005-08-20 05:59:05"
72,14020,0.99,"2005-08-20 20:59:43"
72,15110,0.99,"2005-08-22 12:16:46"
73,1669,0.99,"2005-06-16 10:20:20"
73,11155,0.99,"2005-08-02 09:55:28"
73,15667,0.99,"2005-08-23 09:02:03"
74,2517,0.99,"2005-06-19 00:11:26"
74,10624,0.99,"2005-08-01 15:27:05"
74,13335,0.99,"2005-08-19 20:03:18"
74,13520,0.99,"2005-08-20 02:41:46"
74,15500,0.99,"2005-08-23 02:39:37"
74,16046,0.99,"2005-08-23 22:26:47"
75,268,0.99,"2005-05-26 16:19:08"
75,3711,0.99,"2005-07-06 10:46:15"
75,4511,0.99,"2005-07-08 02:36:21"
75,6052,0.99,"2005-07-11 03:51:27"
75,6486,0.99,"2005-07-12 02:09:36"
75,6530,0.99,"2005-07-12 04:33:19"
75,7843,0.99,"2005-07-28 09:10:22"
75,11330,0.99,"2005-08-02 16:45:33"
75,12239,0.99,"2005-08-18 03:26:42"
75,12662,0.99,"2005-08-18 19:10:41"
76,926,0.99,"2005-05-30 12:15:54"
76,1487,0.99,"2005-06-15 21:27:42"
76,2111,0.99,"2005-06-17 19:47:21"
76,2894,0.99,"2005-06-20 02:22:42"
76,3416,0.99,"2005-06-21 17:05:29"
76,5571,0.99,"2005-07-10 03:48:20"
76,6789,0.99,"2005-07-12 16:34:40"
76,8935,0.99,"2005-07-30 02:38:45"
76,10082,0.99,"2005-07-31 20:09:32"
77,586,0.99,"2005-05-28 12:03:00"
77,3238,0.99,"2005-06-21 02:48:21"
77,4928,0.99,"2005-07-08 22:05:41"
77,6168,0.99,"2005-07-11 10:21:38"
77,7710,0.99,"2005-07-28 04:24:07"
77,9811,0.99,"2005-07-31 11:23:45"
77,10895,0.99,"2005-08-02 01:16:59"
77,10991,0.99,"2005-08-02 04:41:12"
78,4778,0.99,"2005-07-08 15:51:51"
78,5604,0.99,"2005-07-10 05:05:00"
78,6005,0.99,"2005-07-11 01:36:42"
78,13432,0.99,"2005-08-19 23:29:06"
78,14716,0.99,"2005-08-21 21:29:55"
79,3641,0.99,"2005-07-06 07:17:09"
79,9989,0.99,"2005-07-31 17:22:39"
79,14179,0.99,"2005-08-21 03:14:27"
80,7558,0.99,"2005-07-27 22:19:08"
80,10313,0.99,"2005-08-01 04:29:29"
80,11839,0.99,"2005-08-17 13:08:45"
80,13395,0.99,"2005-08-19 22:05:40"
80,13851,0.99,"2005-08-20 14:44:22"
80,14916,0.99,"2005-08-22 04:56:57"
81,289,0.99,"2005-05-26 20:01:09"
81,5468,0.99,"2005-07-09 23:06:09"
81,7709,0.99,"2005-07-28 04:22:14"
81,10456,0.99,"2005-08-01 09:17:21"
82,1438,0.99,"2005-06-15 18:38:51"
82,1570,0.99,"2005-06-16 03:21:33"
82,3332,0.99,"2005-06-21 09:55:12"
82,7873,0.99,"2005-07-28 10:19:46"
82,13032,0.99,"2005-08-19 08:31:50"
82,14518,0.99,"2005-08-21 14:58:58"
83,222,0.99,"2005-05-26 10:14:38"
83,950,0.99,"2005-05-30 16:06:08"
83,5218,0.99,"2005-07-09 11:57:12"
83,7721,0.99,"2005-07-28 04:42:58"
83,11408,0.99,"2005-08-02 19:25:13"
84,408,0.99,"2005-05-27 13:57:39"
84,1195,0.99,"2005-06-15 01:37:38"
84,1815,0.99,"2005-06-16 21:16:07"
84,2042,0.99,"2005-06-17 14:31:02"
84,2409,0.99,"2005-06-18 16:53:33"
84,5237,0.99,"2005-07-09 12:56:58"
84,10540,0.99,"2005-08-01 12:24:42"
84,11899,0.99,"2005-08-17 15:29:12"
85,2794,0.99,"2005-06-19 18:53:05"
85,4451,0.99,"2005-07-07 23:29:54"
85,5519,0.99,"2005-07-10 01:18:32"
85,7906,0.99,"2005-07-28 11:31:42"
85,10548,0.99,"2005-08-01 12:44:32"
85,12036,0.99,"2005-08-17 20:19:06"
85,13733,0.99,"2005-08-20 10:25:12"
86,1822,0.99,"2005-06-16 21:43:45"
86,3207,0.99,"2005-06-21 00:43:16"
86,3611,0.99,"2005-07-06 05:37:18"
86,5295,0.99,"2005-07-09 15:25:06"
86,11916,0.99,"2005-08-17 16:05:51"
87,9060,0.99,"2005-07-30 07:20:36"
87,12232,0.99,"2005-08-18 03:14:14"
87,13479,0.99,"2005-08-20 01:09:11"
87,13906,0.99,"2005-08-20 16:16:03"
88,3524,0.99,"2005-07-06 01:01:51"
88,3620,0.99,"2005-07-06 06:01:50"
88,10424,0.99,"2005-08-01 08:22:54"
89,588,0.99,"2005-05-28 12:08:37"
89,2523,0.99,"2005-06-19 00:45:56"
89,4488,0.99,"2005-07-08 01:22:23"
89,8972,0.99,"2005-07-30 04:06:25"
89,9767,0.99,"2005-07-31 09:46:49"
90,2033,0.99,"2005-06-17 13:24:43"
90,3132,0.99,"2005-06-20 19:09:46"
90,5272,0.99,"2005-07-09 14:26:01"
90,8408,0.99,"2005-07-29 06:40:40"
90,11516,0.99,"2005-08-16 23:54:47"
90,12019,0.99,"2005-08-17 19:48:55"
90,15061,0.99,"2005-08-22 10:29:44"
90,15217,0.99,"2005-08-22 16:58:31"
91,2908,0.99,"2005-06-20 03:16:52"
91,3802,0.99,"2005-07-06 15:06:09"
91,5701,0.99,"2005-07-10 09:56:24"
91,7143,0.99,"2005-07-27 06:56:31"
91,7637,0.99,"2005-07-28 01:12:25"
91,8313,0.99,"2005-07-29 03:34:21"
91,8873,0.99,"2005-07-30 00:14:32"
91,11418,0.99,"2005-08-02 19:45:33"
91,12847,0.99,"2005-08-19 02:04:07"
91,14132,0.99,"2005-08-21 01:43:58"
92,2521,0.99,"2005-06-19 00:41:08"
92,6158,0.99,"2005-07-11 09:50:24"
92,13495,0.99,"2005-08-20 01:40:25"
92,14798,0.99,"2005-08-22 00:44:08"
93,3109,0.99,"2005-06-20 17:33:55"
93,8233,0.99,"2005-07-29 00:16:23"
93,14195,0.99,"2005-08-21 03:40:35"
93,15696,0.99,"2005-08-23 10:04:17"
94,4044,0.99,"2005-07-07 03:22:23"
94,7979,0.99,"2005-07-28 14:16:30"
94,14978,0.99,"2005-08-22 07:13:15"
94,15693,0.99,"2005-08-23 10:00:24"
95,3426,0.99,"2005-06-21 18:12:10"
95,10130,0.99,"2005-07-31 21:44:30"
95,10446,0.99,"2005-08-01 09:02:17"
96,1437,0.99,"2005-06-15 18:37:04"
96,2372,0.99,"2005-06-18 14:37:37"
96,3308,0.99,"2005-06-21 07:58:36"
96,3463,0.99,"2005-06-21 22:00:00"
96,5558,0.99,"2005-07-10 03:12:08"
96,13514,0.99,"2005-08-20 02:28:09"
97,3459,0.99,"2005-06-21 21:45:47"
97,3565,0.99,"2005-07-06 03:02:58"
97,6544,0.99,"2005-07-12 04:56:15"
97,6726,0.99,"2005-07-12 13:48:14"
97,7924,0.99,"2005-07-28 12:08:53"
97,15006,0.99,"2005-08-22 08:20:15"
98,2445,0.99,"2005-06-18 19:02:11"
98,7530,0.99,"2005-07-27 21:18:58"
98,11007,0.99,"2005-08-02 05:05:53"
99,867,0.99,"2005-05-30 03:54:43"
99,4589,0.99,"2005-07-08 06:26:04"
99,8072,0.99,"2005-07-28 17:27:59"
99,8514,0.99,"2005-07-29 09:53:33"
99,12379,0.99,"2005-08-18 08:26:48"
99,11593,0.99,"2006-02-14 15:16:03"
100,71,0.99,"2005-05-25 10:26:39"
100,8203,0.99,"2005-07-28 23:14:56"
100,11143,0.99,"2005-08-02 09:32:54"
100,12657,0.99,"2005-08-18 19:02:16"
100,15163,0.99,"2005-08-22 14:43:13"
100,15021,0.99,"2006-02-14 15:16:03"
101,8301,0.99,"2005-07-29 03:00:08"
101,10218,0.99,"2005-08-01 01:09:44"
101,10407,0.99,"2005-08-01 07:38:07"
101,14476,0.99,"2005-08-21 13:31:07"
101,12141,0.99,"2006-02-14 15:16:03"
102,358,0.99,"2005-05-27 06:43:59"
102,7119,0.99,"2005-07-27 05:55:32"
102,7247,0.99,"2005-07-27 10:32:58"
102,8186,0.99,"2005-07-28 22:30:27"
102,9295,0.99,"2005-07-30 16:18:39"
103,2118,0.99,"2005-06-17 20:28:29"
103,2197,0.99,"2005-06-18 01:50:27"
103,2724,0.99,"2005-06-19 14:57:54"
103,7310,0.99,"2005-07-27 13:00:55"
103,8302,0.99,"2005-07-29 03:01:24"
103,13676,0.99,"2005-08-20 08:33:21"
103,15679,0.99,"2005-08-23 09:27:29"
104,2107,0.99,"2005-06-17 19:31:16"
104,2928,0.99,"2005-06-20 04:43:45"
104,13005,0.99,"2005-08-19 07:45:42"
104,15186,0.99,"2005-08-22 15:52:57"
105,12217,0.99,"2005-08-18 02:44:44"
105,14048,0.99,"2005-08-20 22:03:18"
106,1156,0.99,"2005-05-31 22:37:34"
106,6992,0.99,"2005-07-27 01:04:45"
106,11436,0.99,"2005-08-02 20:16:06"
106,14920,0.99,"2005-08-22 05:08:58"
107,3120,0.99,"2005-06-20 18:19:29"
107,3174,0.99,"2005-06-20 22:24:00"
107,6133,0.99,"2005-07-11 08:25:22"
108,1055,0.99,"2005-05-31 07:47:18"
108,3875,0.99,"2005-07-06 18:15:39"
108,4754,0.99,"2005-07-08 14:20:01"
108,6841,0.99,"2005-07-12 19:04:24"
109,386,0.99,"2005-05-27 10:26:31"
109,698,0.99,"2005-05-29 02:10:52"
109,7145,0.99,"2005-07-27 07:01:00"
109,9230,0.99,"2005-07-30 13:39:42"
109,10240,0.99,"2005-08-01 02:09:33"
110,7474,0.99,"2005-07-27 19:07:17"
110,7542,0.99,"2005-07-27 21:43:04"
111,4286,0.99,"2005-07-07 15:36:44"
111,8525,0.99,"2005-07-29 10:20:19"
111,9933,0.99,"2005-07-31 15:24:46"
111,14949,0.99,"2005-08-22 06:12:16"
112,396,0.99,"2005-05-27 11:47:04"
112,14358,0.99,"2005-08-21 09:14:28"
112,15671,0.99,"2005-08-23 09:08:16"
113,510,0.99,"2005-05-28 02:52:14"
113,776,0.99,"2005-05-29 13:35:35"
113,3004,0.99,"2005-06-20 10:04:36"
113,6025,0.99,"2005-07-11 02:18:13"
113,6836,0.99,"2005-07-12 18:58:05"
113,10378,0.99,"2005-08-01 06:30:04"
114,4025,0.99,"2005-07-07 02:13:24"
114,5418,0.99,"2005-07-09 20:41:35"
114,12326,0.99,"2005-08-18 06:41:59"
114,15485,0.99,"2005-08-23 02:04:57"
114,16047,0.99,"2005-08-23 22:42:48"
115,915,0.99,"2005-05-30 11:20:27"
115,983,0.99,"2005-05-30 22:15:51"
115,1361,0.99,"2005-06-15 13:37:38"
115,3544,0.99,"2005-07-06 02:06:32"
115,3624,0.99,"2005-07-06 06:06:27"
115,6373,0.99,"2005-07-11 21:35:20"
115,9578,0.99,"2005-07-31 02:54:31"
115,10919,0.99,"2005-08-02 02:11:03"
115,12366,0.99,"2005-08-18 07:55:14"
115,13977,0.99,"2005-08-20 19:02:34"
115,15452,0.99,"2005-08-23 00:57:12"
116,1332,0.99,"2005-06-15 11:36:01"
116,1533,0.99,"2005-06-16 00:46:02"
116,4027,0.99,"2005-07-07 02:19:01"
116,7238,0.99,"2005-07-27 10:13:41"
116,13369,0.99,"2005-08-19 21:19:47"
116,13474,0.99,"2005-08-20 01:04:32"
117,700,0.99,"2005-05-29 02:18:54"
117,1114,0.99,"2005-05-31 16:00:33"
117,5673,0.99,"2005-07-10 08:21:54"
117,14784,0.99,"2005-08-22 00:23:13"
118,2217,0.99,"2005-06-18 03:12:29"
118,4966,0.99,"2005-07-08 23:47:25"
118,6377,0.99,"2005-07-11 21:41:16"
118,15731,0.99,"2005-08-23 11:33:25"
119,67,0.99,"2005-05-25 09:41:01"
119,5268,0.99,"2005-07-09 14:22:43"
119,6330,0.99,"2005-07-11 19:15:42"
119,10101,0.99,"2005-07-31 20:47:29"
119,14659,0.99,"2005-08-21 19:42:36"
120,532,0.99,"2005-05-28 05:36:58"
120,4342,0.99,"2005-07-07 18:47:03"
120,6503,0.99,"2005-07-12 03:18:07"
120,8046,0.99,"2005-07-28 16:49:41"
120,10161,0.99,"2005-07-31 23:09:41"
120,11133,0.99,"2005-08-02 09:15:45"
121,5670,0.99,"2005-07-10 08:14:52"
121,7114,0.99,"2005-07-27 05:42:13"
121,7185,0.99,"2005-07-27 08:23:54"
121,12892,0.99,"2005-08-19 03:46:34"
121,15369,0.99,"2005-08-22 21:58:06"
122,853,0.99,"2005-05-30 01:43:31"
122,1211,0.99,"2005-06-15 03:01:20"
122,2253,0.99,"2005-06-18 05:11:43"
122,6231,0.99,"2005-07-11 14:02:36"
122,6427,0.99,"2005-07-11 23:57:34"
122,6436,0.99,"2005-07-12 00:18:42"
122,8177,0.99,"2005-07-28 21:43:54"
123,1751,0.99,"2005-06-16 17:00:14"
123,1951,0.99,"2005-06-17 08:30:35"
123,7768,0.99,"2005-07-28 06:44:03"
124,775,0.99,"2005-05-29 13:23:26"
124,8524,0.99,"2005-07-29 10:20:07"
124,14737,0.99,"2005-08-21 22:27:11"
124,16023,0.99,"2005-08-23 21:45:02"
125,6055,0.99,"2005-07-11 03:59:08"
125,7879,0.99,"2005-07-28 10:27:46"
125,7922,0.99,"2005-07-28 12:05:25"
125,9504,0.99,"2005-07-31 00:09:07"
125,11999,0.99,"2005-08-17 18:47:07"
126,4691,0.99,"2005-07-08 11:04:53"
126,5137,0.99,"2005-07-09 08:00:34"
126,5865,0.99,"2005-07-10 18:31:05"
126,6747,0.99,"2005-07-12 14:33:21"
126,7962,0.99,"2005-07-28 13:48:09"
126,11801,0.99,"2005-08-17 11:30:11"
126,13177,0.99,"2005-08-19 13:56:58"
127,452,0.99,"2005-05-27 19:30:33"
127,708,0.99,"2005-05-29 03:23:47"
127,11235,0.99,"2005-08-02 13:13:21"
128,2565,0.99,"2005-06-19 03:44:03"
128,3751,0.99,"2005-07-06 12:23:41"
128,12910,0.99,"2005-08-19 04:23:13"
128,13027,0.99,"2005-08-19 08:25:16"
128,13509,0.99,"2005-08-20 02:14:16"
128,14157,0.99,"2005-08-21 02:43:15"
129,1732,0.99,"2005-06-16 15:34:41"
129,2768,0.99,"2005-06-19 17:46:52"
129,3689,0.99,"2005-07-06 09:43:01"
129,3936,0.99,"2005-07-06 21:15:03"
129,4602,0.99,"2005-07-08 06:52:40"
129,4996,0.99,"2005-07-09 00:59:46"
129,5127,0.99,"2005-07-09 07:25:47"
129,10468,0.99,"2005-08-01 09:48:29"
129,13961,0.99,"2005-08-20 18:16:34"
129,14353,0.99,"2005-08-21 09:07:50"
130,7728,0.99,"2005-07-28 04:56:33"
130,9452,0.99,"2005-07-30 22:19:16"
130,14111,0.99,"2005-08-21 00:59:01"
131,8071,0.99,"2005-07-28 17:27:48"
131,11971,0.99,"2005-08-17 17:53:42"
131,12216,0.99,"2005-08-18 02:37:07"
131,12263,0.99,"2005-08-18 04:16:18"
131,13407,0.99,"2005-08-19 22:26:26"
132,1843,0.99,"2005-06-16 23:53:42"
132,2384,0.99,"2005-06-18 15:18:49"
132,3706,0.99,"2005-07-06 10:18:01"
132,4903,0.99,"2005-07-08 20:50:05"
132,5703,0.99,"2005-07-10 10:04:15"
132,7432,0.99,"2005-07-27 17:31:40"
132,11140,0.99,"2005-08-02 09:27:45"
132,11812,0.99,"2005-08-17 12:00:54"
132,12133,0.99,"2005-08-17 23:47:16"
133,3006,0.99,"2005-06-20 10:10:29"
133,3365,0.99,"2005-06-21 12:55:48"
133,7400,0.99,"2005-07-27 16:16:37"
133,9175,0.99,"2005-07-30 11:47:48"
133,9671,0.99,"2005-07-31 06:33:41"
133,10665,0.99,"2005-08-01 16:56:17"
133,15080,0.99,"2005-08-22 11:11:51"
134,798,0.99,"2005-05-29 17:23:43"
134,1784,0.99,"2005-06-16 19:25:32"
134,1881,0.99,"2005-06-17 03:09:56"
134,6659,0.99,"2005-07-12 11:18:05"
135,1272,0.99,"2005-06-15 07:42:58"
135,4102,0.99,"2005-07-07 06:25:19"
135,5541,0.99,"2005-07-10 02:44:27"
135,7437,0.99,"2005-07-27 17:39:18"
135,7734,0.99,"2005-07-28 05:08:44"
135,8315,0.99,"2005-07-29 03:37:07"
135,10471,0.99,"2005-08-01 09:52:37"
135,13035,0.99,"2005-08-19 08:46:45"
135,14005,0.99,"2005-08-20 20:19:05"
135,13390,0.99,"2006-02-14 15:16:03"
136,4927,0.99,"2005-07-08 22:05:35"
136,9319,0.99,"2005-07-30 17:15:27"
136,12539,0.99,"2005-08-18 14:10:09"
136,14379,0.99,"2005-08-21 09:53:03"
137,6200,0.99,"2005-07-11 12:16:42"
137,13148,0.99,"2005-08-19 12:55:30"
137,15133,0.99,"2005-08-22 13:17:43"
138,1020,0.99,"2005-05-31 03:06:08"
138,1316,0.99,"2005-06-15 10:26:23"
138,2038,0.99,"2005-06-17 14:00:51"
138,5378,0.99,"2005-07-09 19:05:56"
138,6892,0.99,"2005-07-12 21:10:04"
138,9619,0.99,"2005-07-31 04:17:02"
138,10110,0.99,"2005-07-31 21:06:12"
138,11088,0.99,"2005-08-02 07:48:31"
138,11463,0.99,"2005-08-02 21:37:36"
138,15501,0.99,"2005-08-23 02:39:56"
139,2659,0.99,"2005-06-19 10:47:42"
139,4660,0.99,"2005-07-08 09:54:47"
139,6740,0.99,"2005-07-12 14:22:08"
139,7369,0.99,"2005-07-27 15:07:58"
139,15743,0.99,"2005-08-23 12:12:05"
140,3171,0.99,"2005-06-20 22:15:47"
140,6571,0.99,"2005-07-12 05:51:47"
140,9404,0.99,"2005-07-30 20:21:35"
141,4297,0.99,"2005-07-07 16:24:09"
141,5769,0.99,"2005-07-10 13:17:58"
141,13000,0.99,"2005-08-19 07:36:42"
141,15309,0.99,"2005-08-22 19:54:52"
142,148,0.99,"2005-05-26 00:25:23"
142,6522,0.99,"2005-07-12 04:11:58"
142,12964,0.99,"2005-08-19 06:29:13"
142,13044,0.99,"2005-08-19 09:14:31"
142,13745,0.99,"2005-08-20 10:53:49"
142,13959,0.99,"2005-08-20 18:16:21"
142,14813,0.99,"2005-08-22 01:11:37"
142,15454,0.99,"2006-02-14 15:16:03"
143,2574,0.99,"2005-06-19 04:23:52"
143,4221,0.99,"2005-07-07 12:18:57"
143,8312,0.99,"2005-07-29 03:32:38"
143,8335,0.99,"2005-07-29 04:18:25"
143,10118,0.99,"2005-07-31 21:16:31"
144,1943,0.99,"2005-06-17 07:49:17"
144,5049,0.99,"2005-07-09 03:54:12"
144,7830,0.99,"2005-07-28 08:43:49"
144,8983,0.99,"2005-07-30 04:31:08"
144,9714,0.99,"2005-07-31 08:15:32"
144,10302,0.99,"2005-08-01 04:12:08"
145,500,0.99,"2005-05-28 01:05:25"
145,2614,0.99,"2005-06-19 07:28:11"
145,6378,0.99,"2005-07-11 21:45:23"
145,7954,0.99,"2005-07-28 13:25:05"
145,8380,0.99,"2005-07-29 05:31:29"
145,9576,0.99,"2005-07-31 02:52:59"
145,13272,0.99,"2005-08-19 17:49:13"
146,2800,0.99,"2005-06-19 19:15:56"
146,6990,0.99,"2005-07-27 01:02:46"
146,11370,0.99,"2005-08-02 18:06:01"
147,362,0.99,"2005-05-27 07:10:25"
147,509,0.99,"2005-05-28 02:51:12"
147,2171,0.99,"2005-06-18 00:06:04"
147,4792,0.99,"2005-07-08 16:29:38"
147,5044,0.99,"2005-07-09 03:30:25"
147,5844,0.99,"2005-07-10 17:14:43"
147,6343,0.99,"2005-07-11 19:51:35"
147,7044,0.99,"2005-07-27 03:27:29"
147,7723,0.99,"2005-07-28 04:45:37"
147,9772,0.99,"2005-07-31 09:56:07"
147,14156,0.99,"2005-08-21 02:35:16"
147,14641,0.99,"2005-08-21 19:05:23"
148,3653,0.99,"2005-07-06 07:45:13"
148,4080,0.99,"2005-07-07 05:09:54"
148,7656,0.99,"2005-07-28 02:07:19"
148,12038,0.99,"2005-08-17 20:28:26"
148,14055,0.99,"2005-08-20 22:18:00"
148,14713,0.99,"2005-08-21 21:27:24"
149,2752,0.99,"2005-06-19 16:44:18"
149,4837,0.99,"2005-07-08 18:09:12"
149,10967,0.99,"2005-08-02 04:02:16"
150,12890,0.99,"2005-08-19 03:42:08"
150,14165,0.99,"2005-08-21 02:59:17"
150,14663,0.99,"2005-08-21 19:47:55"
151,3089,0.99,"2005-06-20 15:57:01"
151,6720,0.99,"2005-07-12 13:41:16"
151,6854,0.99,"2005-07-12 19:38:57"
151,7189,0.99,"2005-07-27 08:35:02"
151,13230,0.99,"2005-08-19 16:12:07"
152,6273,0.99,"2005-07-11 16:08:41"
152,11783,0.99,"2005-08-17 10:39:24"
152,13484,0.99,"2005-08-20 01:16:52"
152,13986,0.99,"2005-08-20 19:13:23"
152,14173,0.99,"2005-08-21 03:01:01"
153,2224,0.99,"2005-06-18 03:33:58"
153,2649,0.99,"2005-06-19 10:20:09"
153,3795,0.99,"2005-07-06 14:37:41"
153,3949,0.99,"2005-07-06 21:46:36"
153,5676,0.99,"2005-07-10 08:38:32"
153,5771,0.99,"2005-07-10 13:26:45"
153,9936,0.99,"2005-07-31 15:27:41"
153,15267,0.99,"2005-08-22 18:37:48"
154,1963,0.99,"2005-06-17 09:09:31"
154,3912,0.99,"2005-07-06 20:10:03"
154,5101,0.99,"2005-07-09 06:21:29"
154,6048,0.99,"2005-07-11 03:32:23"
154,12341,0.99,"2005-08-18 07:09:27"
154,15351,0.99,"2005-08-22 21:15:46"
155,10098,0.99,"2005-07-31 20:41:17"
155,14909,0.99,"2005-08-22 04:48:44"
155,15106,0.99,"2005-08-22 12:01:48"
156,2221,0.99,"2005-06-18 03:24:56"
156,2782,0.99,"2005-06-19 18:25:07"
156,5908,0.99,"2005-07-10 20:44:14"
156,9696,0.99,"2005-07-31 07:13:46"
156,13530,0.99,"2005-08-20 03:12:43"
156,14914,0.99,"2005-08-22 04:53:35"
157,352,0.99,"2005-05-27 05:48:19"
157,2340,0.99,"2005-06-18 11:30:56"
157,3739,0.99,"2005-07-06 11:54:18"
157,4919,0.99,"2005-07-08 21:41:54"
157,8163,0.99,"2005-07-28 21:11:48"
157,8337,0.99,"2005-07-29 04:31:55"
157,8347,0.99,"2005-07-29 04:49:25"
157,8707,0.99,"2005-07-29 17:21:58"
157,12916,0.99,"2005-08-19 04:27:05"
158,1380,0.99,"2005-06-15 15:13:10"
158,7732,0.99,"2005-07-28 05:03:32"
158,11272,0.99,"2005-08-02 14:20:27"
158,14028,0.99,"2005-08-20 21:23:03"
159,598,0.99,"2005-05-28 14:04:50"
159,1695,0.99,"2005-06-16 12:40:28"
159,2572,0.99,"2005-06-19 04:21:26"
159,5656,0.99,"2005-07-10 07:31:07"
159,8470,0.99,"2005-07-29 08:28:50"
159,9132,0.99,"2005-07-30 09:56:00"
159,13933,0.99,"2005-08-20 17:17:07"
159,15197,0.99,"2005-08-22 16:14:25"
160,4842,0.99,"2005-07-08 18:21:30"
160,7500,0.99,"2005-07-27 20:16:03"
160,9681,0.99,"2005-07-31 06:42:09"
160,10788,0.99,"2005-08-01 21:37:10"
161,539,0.99,"2005-05-28 06:26:16"
161,1003,0.99,"2005-05-31 00:48:20"
161,4187,0.99,"2005-07-07 10:41:31"
161,9421,0.99,"2005-07-30 21:08:32"
161,10355,0.99,"2005-08-01 05:47:37"
161,10939,0.99,"2005-08-02 03:06:20"
161,14150,0.99,"2005-08-21 02:23:03"
161,15000,0.99,"2005-08-22 07:54:58"
162,2366,0.99,"2005-06-18 13:46:39"
162,3040,0.99,"2005-06-20 12:34:13"
162,3180,0.99,"2005-06-20 22:48:44"
162,9775,0.99,"2005-07-31 10:00:00"
162,11012,0.99,"2005-08-02 05:09:42"
162,14220,0.99,"2006-02-14 15:16:03"
163,3179,0.99,"2005-06-20 22:37:59"
163,6109,0.99,"2005-07-11 07:20:57"
163,8040,0.99,"2005-07-28 16:39:43"
163,10245,0.99,"2005-08-01 02:24:09"
163,15847,0.99,"2005-08-23 15:39:38"
164,6393,0.99,"2005-07-11 22:28:12"
164,6702,0.99,"2005-07-12 12:48:03"
165,4304,0.99,"2005-07-07 17:01:19"
165,5973,0.99,"2005-07-11 00:09:17"
165,8608,0.99,"2005-07-29 13:18:52"
166,3085,0.99,"2005-06-20 15:42:33"
166,4658,0.99,"2005-07-08 09:51:11"
166,6237,0.99,"2005-07-11 14:19:12"
167,4493,0.99,"2005-07-08 01:40:24"
167,5131,0.99,"2005-07-09 07:35:03"
167,5191,0.99,"2005-07-09 10:26:48"
167,8793,0.99,"2005-07-29 20:57:22"
167,8864,0.99,"2005-07-29 23:52:12"
167,15050,0.99,"2005-08-22 10:07:52"
167,15478,0.99,"2005-08-23 01:50:31"
168,404,0.99,"2005-05-27 13:31:51"
168,5459,0.99,"2005-07-09 22:43:56"
168,6444,0.99,"2005-07-12 00:36:02"
168,10270,0.99,"2005-08-01 03:10:24"
168,11551,0.99,"2005-08-17 01:03:49"
168,13811,0.99,"2005-08-20 13:00:30"
168,15894,0.99,"2006-02-14 15:16:03"
169,7597,0.99,"2005-07-27 23:35:49"
169,9203,0.99,"2005-07-30 12:43:40"
169,14435,0.99,"2005-08-21 11:44:37"
169,15534,0.99,"2005-08-23 03:55:54"
170,504,0.99,"2005-05-28 02:05:34"
170,2117,0.99,"2005-06-17 20:24:00"
170,4468,0.99,"2005-07-08 00:17:59"
170,5075,0.99,"2005-07-09 05:12:07"
170,11039,0.99,"2005-08-02 06:00:53"
170,13081,0.99,"2005-08-19 10:19:06"
171,1676,0.99,"2005-06-16 11:06:09"
171,3621,0.99,"2005-07-06 06:03:55"
171,6774,0.99,"2005-07-12 15:56:08"
171,13292,0.99,"2005-08-19 18:35:32"
171,13433,0.99,"2005-08-19 23:30:53"
171,15810,0.99,"2005-08-23 14:43:15"
172,837,0.99,"2005-05-30 00:02:08"
172,1507,0.99,"2005-06-15 22:25:26"
172,2052,0.99,"2005-06-17 15:14:43"
172,6380,0.99,"2005-07-11 21:55:40"
172,10621,0.99,"2005-08-01 15:10:26"
172,13342,0.99,"2005-08-19 20:21:36"
173,3224,0.99,"2005-06-21 02:11:36"
173,3717,0.99,"2005-07-06 10:53:34"
173,7644,0.99,"2005-07-28 01:27:33"
173,15483,0.99,"2005-08-23 02:02:53"
174,1609,0.99,"2005-06-16 06:34:59"
174,11525,0.99,"2005-08-17 00:15:31"
174,13185,0.99,"2005-08-19 14:22:30"
175,1495,0.99,"2005-06-15 21:54:31"
175,7771,0.99,"2005-07-28 06:52:12"
175,10875,0.99,"2005-08-02 00:31:44"
175,12509,0.99,"2005-08-18 13:21:52"
176,172,0.99,"2005-05-26 03:17:42"
176,10441,0.99,"2005-08-01 08:55:56"
177,1738,0.99,"2005-06-16 16:07:27"
177,4760,0.99,"2005-07-08 14:48:07"
177,8139,0.99,"2005-07-28 20:16:30"
177,10710,0.99,"2005-08-01 18:44:36"
177,11195,0.99,"2005-08-02 11:42:23"
177,14093,0.99,"2005-08-21 00:21:29"
177,14310,0.99,"2005-08-21 07:44:32"
177,14883,0.99,"2005-08-22 03:55:02"
178,8069,0.99,"2005-07-28 17:23:46"
178,10125,0.99,"2005-07-31 21:33:03"
178,10562,0.99,"2005-08-01 13:05:52"
179,502,0.99,"2005-05-28 01:34:43"
179,3844,0.99,"2005-07-06 16:37:58"
179,9893,0.99,"2005-07-31 14:07:21"
179,11342,0.99,"2005-08-02 17:11:35"
179,13240,0.99,"2005-08-19 16:22:14"
179,13957,0.99,"2005-08-20 18:09:04"
179,14589,0.99,"2005-08-21 17:28:55"
180,5384,0.99,"2005-07-09 19:17:46"
180,5773,0.99,"2005-07-10 13:31:09"
180,9373,0.99,"2005-07-30 19:05:36"
180,14109,0.99,"2005-08-21 00:52:58"
181,7393,0.99,"2005-07-27 16:02:52"
181,12411,0.99,"2005-08-18 09:47:57"
182,161,0.99,"2005-05-26 01:51:48"
182,2234,0.99,"2005-06-18 04:01:28"
182,4349,0.99,"2005-07-07 19:02:37"
182,4784,0.99,"2005-07-08 16:09:56"
182,7229,0.99,"2005-07-27 10:00:54"
182,7863,0.99,"2005-07-28 10:05:46"
183,382,0.99,"2005-05-27 10:12:00"
183,1279,0.99,"2005-06-15 08:13:57"
183,4134,0.99,"2005-07-07 08:14:24"
183,5756,0.99,"2005-07-10 12:39:28"
183,7359,0.99,"2005-07-27 14:51:04"
183,12451,0.99,"2005-08-18 11:04:42"
184,2312,0.99,"2005-06-18 08:55:46"
184,4314,0.99,"2005-07-07 17:38:31"
184,5891,0.99,"2005-07-10 20:01:17"
184,9162,0.99,"2005-07-30 11:21:56"
184,13134,0.99,"2005-08-19 12:14:14"
184,15611,0.99,"2005-08-23 06:56:18"
185,154,0.99,"2005-05-26 00:55:56"
185,646,0.99,"2005-05-28 19:16:14"
185,8442,0.99,"2005-07-29 07:33:07"
185,9246,0.99,"2005-07-30 14:12:31"
185,11355,0.99,"2005-08-02 17:37:43"
185,12885,0.99,"2005-08-19 03:37:25"
186,958,0.99,"2005-05-30 17:58:03"
186,7739,0.99,"2005-07-28 05:21:51"
186,8872,0.99,"2005-07-30 00:13:54"
186,10985,0.99,"2005-08-02 04:30:19"
186,11982,0.99,"2005-08-17 18:13:07"
186,15001,0.99,"2005-08-22 08:00:49"
186,15596,0.99,"2005-08-23 06:19:51"
187,1592,0.99,"2005-06-16 05:14:37"
187,2127,0.99,"2005-06-17 20:54:48"
187,2533,0.99,"2005-06-19 01:34:26"
187,5366,0.99,"2005-07-09 18:28:37"
188,1927,0.99,"2005-06-17 06:48:19"
188,7042,0.99,"2005-07-27 03:20:18"
188,10494,0.99,"2005-08-01 10:45:21"
188,15409,0.99,"2005-08-22 23:26:32"
189,1541,0.99,"2005-06-16 01:15:59"
189,1834,0.99,"2005-06-16 22:49:08"
189,3763,0.99,"2005-07-06 12:56:31"
189,4203,0.99,"2005-07-07 11:24:14"
189,9386,0.99,"2005-07-30 19:26:21"
190,8498,0.99,"2005-07-29 09:07:38"
190,11750,0.99,"2005-08-17 09:07:00"
190,12381,0.99,"2005-08-18 08:31:43"
190,14065,0.99,"2005-08-20 22:40:47"
190,14650,0.99,"2005-08-21 19:24:51"
191,1278,0.99,"2005-06-15 08:09:12"
191,8583,0.99,"2005-07-29 12:04:50"
191,14361,0.99,"2006-02-14 15:16:03"
192,6223,0.99,"2005-07-11 13:27:09"
