customer_id,payment_id,amount,payment_date
1,3,5.99,"2005-06-15 00:54:12"
1,5,9.99,"2005-06-15 21:08:46"
1,10,5.99,"2005-07-08 03:17:05"
1,11,5.99,"2005-07-08 07:33:56"
1,14,7.99,"2005-07-11 10:13:46"
1,32,5.99,"2005-08-22 20:03:46"
2,36,6.99,"2005-07-10 12:38:56"
2,38,5.99,"2005-07-27 15:23:02"
2,39,5.99,"2005-07-27 18:40:20"
2,40,5.99,"2005-07-29 00:12:59"
2,42,5.99,"2005-07-29 17:14:29"
2,44,10.99,"2005-07-30 13:47:43"
2,46,6.99,"2005-07-30 16:21:13"
2,47,6.99,"2005-07-30 22:39:53"
2,51,5.99,"2005-08-02 07:41:41"
2,52,6.99,"2005-08-02 10:43:48"
2,57,5.99,"2005-08-21 22:41:56"
3,62,8.99,"2005-06-16 01:34:05"
3,63,6.99,"2005-06-16 15:19:10"
3,64,6.99,"2005-06-17 05:15:15"
3,68,5.99,"2005-07-27 04:54:42"
3,69,10.99,"2005-07-27 20:23:12"
3,70,7.99,"2005-07-28 03:59:21"
3,71,6.99,"2005-07-28 04:46:30"
3,79,5.99,"2005-08-01 14:19:48"
3,81,8.99,"2005-08-19 22:18:07"
3,83,8.99,"2005-08-21 20:50:48"
4,91,5.99,"2005-06-19 09:39:01"
4,95,5.99,"2005-07-30 08:46:09"
4,96,5.99,"2005-07-30 18:58:00"
4,101,8.99,"2005-08-18 05:14:44"
4,104,6.99,"2005-08-20 12:55:40"
5,109,6.99,"2005-05-31 11:15:43"
5,119,5.99,"2005-07-09 07:13:52"
5,122,8.99,"2005-07-11 03:17:04"
5,137,9.99,"2005-08-18 00:10:04"
5,141,6.99,"2005-08-20 22:13:59"
5,142,6.99,"2005-08-21 11:31:11"
6,156,5.99,"2005-07-11 12:39:01"
6,157,7.99,"2005-07-11 15:01:54"
6,165,6.99,"2005-08-17 02:29:41"
6,169,6.99,"2005-08-20 00:18:25"
6,170,7.99,"2005-08-21 08:22:56"
6,172,5.99,"2005-08-23 02:51:24"
7,174,5.99,"2005-05-25 06:04:08"
7,178,5.99,"2005-05-31 08:44:29"
7,184,5.99,"2005-07-06 07:09:17"
7,186,5.99,"2005-07-08 16:16:04"
7,188,8.99,"2005-07-09 21:52:05"
7,189,7.99,"2005-07-10 21:35:12"
7,193,5.99,"2005-07-29 07:02:55"
7,194,7.99,"2005-07-31 04:30:03"
7,195,6.99,"2005-08-01 04:57:04"
7,196,5.99,"2005-08-01 08:19:53"
7,200,7.99,"2005-08-17 00:51:32"
7,201,8.99,"2005-08-18 07:57:14"
7,206,5.99,"2005-08-21 04:49:48"
8,207,6.99,"2005-05-30 03:43:54"
8,209,5.99,"2005-06-17 18:21:35"
8,211,5.99,"2005-07-05 23:01:21"
8,224,9.99,"2005-08-02 13:04:12"
8,228,7.99,"2005-08-22 22:09:09"
9,234,7.99,"2005-06-20 19:59:28"
9,241,5.99,"2005-07-11 10:17:29"
9,247,5.99,"2005-08-02 19:00:52"
9,252,7.99,"2005-08-21 13:53:59"
10,263,7.99,"2005-07-09 03:12:52"
10,268,6.99,"2005-07-28 15:10:55"
10,271,8.99,"2005-08-01 17:09:59"
10,278,5.99,"2005-08-22 21:59:29"
11,279,6.99,"2005-05-30 22:59:12"
11,280,6.99,"2005-06-15 20:53:07"
11,281,7.99,"2005-06-17 07:26:45"
11,285,5.99,"2005-07-10 16:44:58"
11,286,6.99,"2005-07-11 09:09:59"
11,292,9.99,"2005-07-30 03:17:13"
11,293,6.99,"2005-07-30 16:08:21"
11,295,6.99,"2005-08-02 10:14:58"
11,297,5.99,"2005-08-17 19:32:44"
12,305,5.99,"2005-06-16 17:02:55"
12,306,5.99,"2005-06-18 18:11:51"
12,307,5.99,"2005-06-18 23:07:12"
12,321,5.99,"2005-07-30 13:49:43"
12,322,5.99,"2005-07-31 04:42:46"
12,323,5.99,"2005-07-31 07:45:33"
12,324,10.99,"2005-08-01 06:50:26"
13,334,8.99,"2005-06-20 12:45:33"
13,336,8.99,"2005-07-11 07:43:08"
13,342,11.99,"2005-07-29 22:37:41"
13,343,9.99,"2005-07-30 14:38:22"
13,346,7.99,"2005-07-31 08:58:40"
13,350,5.99,"2005-08-17 09:44:59"
13,351,7.99,"2005-08-19 04:31:36"
13,355,9.99,"2005-08-21 05:44:07"
13,356,7.99,"2005-08-21 15:44:23"
14,359,9.99,"2005-05-27 04:34:41"
14,360,5.99,"2005-05-28 04:25:33"
14,367,7.99,"2005-07-09 16:10:25"
14,369,7.99,"2005-07-10 03:29:48"
14,370,6.99,"2005-07-28 16:23:01"
14,377,6.99,"2005-08-01 11:55:33"
14,382,6.99,"2005-08-22 08:43:50"
15,387,5.99,"2005-06-20 05:15:37"
15,389,7.99,"2005-07-06 02:29:21"
15,390,5.99,"2005-07-07 07:26:19"
15,395,6.99,"2005-07-29 13:36:01"
15,402,7.99,"2005-08-17 16:20:37"
15,406,8.99,"2005-08-19 20:18:36"
15,407,5.99,"2005-08-19 22:03:46"
15,408,5.99,"2005-08-20 02:00:33"
15,413,8.99,"2005-08-22 03:23:41"
16,422,6.99,"2005-06-17 07:04:57"
16,423,7.99,"2005-06-17 07:50:53"
16,425,7.99,"2005-06-20 07:10:09"
16,434,5.99,"2005-07-29 07:45:00"
16,436,5.99,"2005-07-31 03:54:05"
16,442,7.99,"2005-08-18 15:39:46"
16,445,6.99,"2005-08-20 01:10:27"
16,446,8.99,"2005-08-21 14:45:34"
17,450,5.99,"2005-06-18 00:17:58"
17,451,8.99,"2005-06-19 12:29:08"
17,452,5.99,"2005-06-21 05:06:30"
17,456,8.99,"2005-07-28 17:45:58"
17,458,8.99,"2005-07-30 08:30:56"
17,460,8.99,"2005-07-30 19:23:44"
17,467,5.99,"2005-08-23 12:41:38"
18,471,5.99,"2005-06-15 19:30:18"
18,473,5.99,"2005-06-17 19:52:42"
18,474,8.99,"2005-06-20 09:02:51"
19,491,9.99,"2005-05-25 18:43:49"
19,492,6.99,"2005-05-26 04:26:06"
19,501,5.99,"2005-07-30 11:06:23"
19,503,9.99,"2005-07-31 20:01:06"
19,504,7.99,"2005-07-31 23:40:35"
19,505,8.99,"2005-08-16 23:27:36"
19,506,5.99,"2005-08-17 14:10:22"
19,507,9.99,"2005-08-18 02:31:18"
19,509,8.99,"2005-08-20 09:53:44"
19,510,8.99,"2005-08-20 12:46:32"
20,515,6.99,"2005-05-28 00:54:39"
20,525,6.99,"2005-07-11 15:53:00"
20,527,5.99,"2005-07-28 10:06:10"
20,532,7.99,"2005-08-01 14:59:50"
20,540,6.99,"2005-08-22 10:19:58"
21,547,7.99,"2005-06-18 04:08:50"
21,551,10.99,"2005-06-21 01:04:35"
21,557,6.99,"2005-07-28 22:56:11"
21,560,5.99,"2005-07-31 07:29:25"
21,567,6.99,"2005-08-18 23:34:22"
21,571,8.99,"2005-08-20 00:50:54"
21,572,9.99,"2005-08-20 09:26:14"
21,574,8.99,"2005-08-20 23:24:07"
22,581,8.99,"2005-05-29 21:07:22"
22,584,6.99,"2005-07-09 15:23:42"
22,587,7.99,"2005-07-28 04:02:58"
22,590,5.99,"2005-08-17 19:54:54"
22,593,9.99,"2005-08-19 09:43:25"
22,595,6.99,"2005-08-21 16:24:43"
22,596,7.99,"2005-08-22 13:18:25"
22,597,6.99,"2005-08-23 06:03:31"
23,601,8.99,"2005-05-25 21:20:03"
23,606,5.99,"2005-06-20 10:48:56"
23,614,5.99,"2005-07-12 22:30:15"
23,615,7.99,"2005-07-27 07:18:46"
23,618,5.99,"2005-07-30 12:55:36"
23,619,9.99,"2005-07-30 14:26:46"
23,621,6.99,"2005-07-31 21:50:24"
23,626,6.99,"2005-08-19 23:25:37"
24,631,6.99,"2005-05-31 01:02:28"
24,636,5.99,"2005-06-18 19:28:02"
24,637,7.99,"2005-06-20 07:33:09"
24,638,7.99,"2005-07-06 07:32:42"
24,650,8.99,"2005-08-18 00:53:37"
25,656,7.99,"2005-05-25 14:31:25"
25,660,6.99,"2005-06-16 17:13:23"
25,661,8.99,"2005-06-19 08:23:11"
25,672,8.99,"2005-07-30 10:12:01"
25,676,5.99,"2005-08-01 04:49:06"
25,684,5.99,"2005-08-23 20:00:30"
26,687,5.99,"2005-06-15 18:53:14"
26,689,9.99,"2005-06-17 18:14:08"
26,691,6.99,"2005-06-18 17:25:05"
26,698,6.99,"2005-07-07 22:39:02"
26,700,6.99,"2005-07-08 09:09:46"
26,711,5.99,"2005-08-17 08:54:30"
26,714,8.99,"2005-08-21 03:37:42"
26,716,7.99,"2005-08-21 20:12:30"
26,718,7.99,"2005-08-23 11:16:29"
27,729,5.99,"2005-07-08 02:34:51"
27,733,5.99,"2005-07-12 05:26:26"
27,737,5.99,"2005-07-31 05:12:59"
27,738,7.99,"2005-07-31 06:34:55"
27,740,7.99,"2005-08-01 21:51:15"
27,743,8.99,"2005-08-17 05:25:57"
27,744,6.99,"2005-08-17 08:48:31"
27,745,5.99,"2005-08-17 19:52:43"
28,761,5.99,"2005-07-10 15:49:12"
28,764,9.99,"2005-07-27 23:07:40"
28,771,6.99,"2005-08-01 03:48:12"
29,785,7.99,"2005-06-19 13:33:06"
29,790,6.99,"2005-07-07 14:24:30"
29,793,10.99,"2005-07-09 21:55:19"
29,796,6.99,"2005-07-27 18:18:41"
29,801,5.99,"2005-08-01 12:36:09"
29,807,6.99,"2005-08-18 15:20:46"
29,808,6.99,"2005-08-18 17:16:07"
29,815,7.99,"2005-08-22 07:35:56"
29,816,5.99,"2005-08-22 07:53:00"
30,825,5.99,"2005-07-09 02:34:45"
30,826,9.99,"2005-07-09 06:44:30"
30,828,7.99,"2005-07-11 00:08:54"
30,841,6.99,"2005-08-01 01:57:48"
31,855,6.99,"2005-06-18 11:35:30"
31,856,7.99,"2005-06-18 15:49:48"
31,865,6.99,"2005-07-07 07:15:35"
31,866,9.99,"2005-07-08 13:24:58"
31,876,6.99,"2005-08-23 09:37:34"
31,877,6.99,"2005-08-23 14:58:06"
32,881,6.99,"2005-06-17 03:53:18"
32,883,5.99,"2005-06-19 08:22:09"
32,889,9.99,"2005-07-09 15:57:15"
32,894,6.99,"2005-07-27 04:34:07"
32,895,5.99,"2005-07-27 23:23:36"
32,897,5.99,"2005-07-29 05:52:26"
32,902,9.99,"2005-08-18 09:50:40"
32,903,8.99,"2005-08-20 10:31:23"
32,906,5.99,"2005-08-21 16:32:32"
33,908,10.99,"2005-06-15 09:46:33"
33,909,8.99,"2005-06-20 22:21:10"
33,910,5.99,"2005-07-07 06:01:48"
33,920,7.99,"2005-08-19 16:25:00"
33,922,7.99,"2005-08-20 18:11:44"
33,925,5.99,"2005-08-22 11:43:04"
34,929,5.99,"2005-06-18 05:29:52"
34,935,5.99,"2005-07-10 21:32:06"
34,950,5.99,"2005-08-21 20:32:08"
34,951,7.99,"2005-08-21 20:54:32"
35,953,6.99,"2005-05-27 15:34:01"
35,965,5.99,"2005-07-10 21:26:31"
35,967,5.99,"2005-07-11 09:13:08"
35,972,6.99,"2005-07-29 22:20:21"
35,973,5.99,"2005-07-30 04:03:58"
35,975,6.99,"2005-07-31 02:59:20"
35,977,7.99,"2005-08-02 20:59:52"
36,992,6.99,"2005-07-27 09:06:13"
36,994,6.99,"2005-07-28 11:59:45"
36,1003,6.99,"2005-08-02 03:56:23"
36,1009,9.99,"2005-08-21 19:15:33"
37,1016,7.99,"2005-07-05 22:56:33"
37,1017,5.99,"2005-07-06 11:40:27"
37,1018,5.99,"2005-07-09 21:02:26"
37,1020,9.99,"2005-07-29 06:54:48"
37,1021,5.99,"2005-07-31 02:36:11"
37,1024,7.99,"2005-08-19 09:21:10"
37,1028,8.99,"2005-08-20 21:19:36"
38,1039,5.99,"2005-07-07 11:23:48"
38,1046,5.99,"2005-07-12 19:59:25"
38,1049,5.99,"2005-07-27 07:36:11"
38,1050,5.99,"2005-07-27 13:33:38"
38,1057,6.99,"2005-08-01 11:53:12"
38,1065,6.99,"2005-08-22 00:25:59"
38,1067,5.99,"2005-08-23 11:55:50"
39,1068,5.99,"2005-06-16 07:49:08"
39,1074,5.99,"2005-07-07 22:06:24"
39,1075,8.99,"2005-07-08 11:07:59"
39,1076,6.99,"2005-07-08 12:10:50"
39,1077,7.99,"2005-07-08 12:54:15"
39,1081,6.99,"2005-07-29 03:18:34"
39,1083,7.99,"2005-07-29 18:03:47"
39,1092,9.99,"2005-08-01 15:44:43"
39,1095,7.99,"2005-08-19 11:01:54"
39,1096,5.99,"2005-08-22 12:51:38"
40,1098,7.99,"2005-06-18 20:28:31"
40,1104,5.99,"2005-07-10 18:40:09"
40,1109,8.99,"2005-07-30 06:59:55"
40,1111,6.99,"2005-07-31 16:07:50"
40,1116,9.99,"2005-08-18 09:11:23"
40,1118,6.99,"2005-08-19 13:07:12"
40,1120,5.99,"2005-08-20 14:23:20"
40,1122,6.99,"2005-08-21 06:01:08"
41,1125,7.99,"2005-06-21 03:10:01"
41,1127,9.99,"2005-07-07 15:56:23"
41,1133,6.99,"2005-07-28 15:25:55"
41,1135,6.99,"2005-07-28 20:01:23"
41,1138,5.99,"2005-07-30 16:59:43"
41,1140,7.99,"2005-07-31 23:27:31"
41,1142,5.99,"2005-08-02 00:00:54"
41,1146,7.99,"2005-08-21 15:29:47"
42,1149,5.99,"2005-05-28 17:46:57"
42,1150,0.99,"2005-06-16 00:49:32"
42,1151,2.99,"2005-06-17 15:27:33"
42,1152,3.99,"2005-06-17 23:57:34"
42,1153,4.99,"2005-06-18 08:27:33"
42,1154,2.99,"2005-07-07 21:09:38"
42,1155,4.99,"2005-07-09 10:50:56"
42,1156,5.99,"2005-07-10 01:15:00"
42,1157,3.99,"2005-07-10 07:18:58"
42,1158,2.99,"2005-07-11 10:59:59"
42,1159,2.99,"2005-07-12 16:52:13"
42,1160,0.99,"2005-07-26 22:52:32"
42,1161,3.99,"2005-07-27 16:25:11"
42,1162,0.99,"2005-07-28 16:51:58"
42,1163,6.99,"2005-07-28 18:32:40"
42,1164,2.99,"2005-07-28 21:23:33"
42,1165,3.99,"2005-07-29 09:10:41"
42,1166,2.99,"2005-07-29 20:36:26"
42,1167,3.99,"2005-07-29 23:30:03"
42,1168,3.99,"2005-07-30 01:42:09"
42,1169,6.99,"2005-07-31 19:23:00"
42,1170,2.99,"2005-08-01 05:18:56"
42,1171,2.99,"2005-08-01 23:47:03"
42,1172,5.99,"2005-08-02 02:54:53"
42,1173,4.99,"2005-08-18 12:25:16"
42,1174,2.99,"2005-08-18 13:05:37"
42,1175,7.99,"2005-08-21 12:50:33"
42,1176,2.99,"2005-08-23 00:42:49"
42,1177,5.98,"2006-02-14 15:16:03"
42,1178,0.00,"2006-02-14 15:16:03"
43,1199,6.99,"2005-08-23 14:23:44"
44,1213,9.99,"2005-07-08 12:44:59"
44,1215,8.99,"2005-07-10 14:08:49"
44,1216,6.99,"2005-07-10 17:32:33"
44,1219,6.99,"2005-07-27 21:13:47"
44,1225,6.99,"2005-08-19 00:16:54"
45,1236,6.99,"2005-07-09 10:07:27"
45,1237,7.99,"2005-07-09 20:11:49"
45,1241,9.99,"2005-07-27 00:15:35"
45,1245,6.99,"2005-08-02 00:33:12"
45,1246,8.99,"2005-08-02 05:04:18"
45,1253,6.99,"2005-08-21 16:52:03"
45,1254,10.99,"2005-08-23 14:47:26"
45,1255,7.99,"2005-08-23 22:13:04"
46,1263,8.99,"2005-06-20 07:33:38"
46,1271,8.99,"2005-07-30 06:36:57"
46,1276,5.99,"2005-08-01 23:13:00"
46,1285,6.99,"2005-08-21 15:08:05"
46,1289,5.99,"2005-08-23 12:47:26"
47,1292,6.99,"2005-05-26 20:57:00"
47,1294,6.99,"2005-06-18 08:34:59"
47,1295,5.99,"2005-06-21 08:29:41"
47,1297,5.99,"2005-07-07 04:29:20"
47,1299,9.99,"2005-07-11 09:31:04"
47,1303,6.99,"2005-07-29 06:25:45"
47,1307,5.99,"2005-08-02 22:09:01"
47,1308,7.99,"2005-08-18 02:35:39"
47,1309,7.99,"2005-08-18 04:41:47"
48,1315,9.99,"2005-06-16 12:18:41"
48,1319,6.99,"2005-07-09 08:22:46"
48,1322,6.99,"2005-07-29 17:39:09"
48,1323,7.99,"2005-07-30 20:18:27"
48,1324,7.99,"2005-07-31 09:10:20"
49,1334,9.99,"2005-06-15 04:44:10"
49,1336,6.99,"2005-06-16 18:52:12"
49,1342,6.99,"2005-07-11 16:26:07"
49,1343,7.99,"2005-07-12 04:06:11"
49,1346,8.99,"2005-07-28 05:33:16"
49,1347,10.99,"2005-07-29 11:15:36"
49,1354,5.99,"2005-08-21 03:00:03"
49,1355,6.99,"2005-08-21 18:35:54"
50,1369,9.99,"2005-07-10 08:48:39"
50,1370,6.99,"2005-07-10 21:58:30"
50,1372,8.99,"2005-07-12 11:36:22"
50,1376,5.99,"2005-07-29 13:50:08"
50,1379,10.99,"2005-07-31 07:09:55"
50,1382,6.99,"2005-07-31 23:57:43"
50,1384,7.99,"2005-08-01 10:20:34"
50,1386,6.99,"2005-08-18 23:25:20"
50,1387,7.99,"2005-08-19 12:24:23"
50,1390,6.99,"2005-08-22 22:49:23"
51,1397,9.99,"2005-07-06 01:02:39"
51,1399,5.99,"2005-07-09 15:48:06"
51,1400,7.99,"2005-07-09 23:19:11"
51,1402,5.99,"2005-07-27 09:13:26"
51,1403,6.99,"2005-07-27 16:07:22"
51,1404,5.99,"2005-07-28 01:08:36"
51,1414,6.99,"2005-08-17 09:07:56"
51,1421,6.99,"2005-08-21 04:49:41"
52,1434,7.99,"2005-07-11 22:29:15"
52,1436,5.99,"2005-07-27 17:40:40"
52,1448,5.99,"2005-08-19 10:39:54"
52,1450,5.99,"2005-08-22 01:21:14"
52,1451,6.99,"2005-08-22 06:35:50"
52,1452,5.99,"2005-08-23 17:00:12"
53,1454,3.99,"2005-05-25 14:13:54"
53,1455,2.99,"2005-05-27 09:23:22"
53,1456,0.99,"2005-05-29 09:55:43"
53,1457,5.99,"2005-05-29 14:41:18"
53,1458,9.99,"2005-05-30 02:01:21"
53,1459,2.99,"2005-05-31 15:04:05"
53,1460,0.99,"2005-06-17 09:10:09"
53,1461,2.99,"2005-06-18 15:26:30"
53,1462,2.99,"2005-06-20 02:49:01"
53,1463,2.99,"2005-06-20 19:47:12"
53,1464,0.99,"2005-06-21 03:01:10"
53,1465,2.99,"2005-07-06 04:37:10"
53,1466,4.99,"2005-07-06 19:12:37"
53,1467,2.99,"2005-07-09 10:14:39"
53,1468,2.99,"2005-07-27 18:51:17"
53,1469,4.99,"2005-07-28 03:52:21"
53,1470,4.99,"2005-07-30 18:13:13"
53,1471,7.99,"2005-07-31 15:13:57"
53,1472,3.99,"2005-08-01 14:14:59"
53,1473,5.99,"2005-08-17 20:59:56"
53,1474,2.99,"2005-08-18 15:49:08"
53,1475,5.99,"2005-08-19 09:25:40"
53,1476,2.99,"2005-08-20 12:16:38"
53,1477,2.99,"2005-08-20 22:32:11"
53,1478,0.99,"2005-08-21 00:11:17"
53,1479,5.99,"2005-08-21 01:15:59"
53,1480,4.99,"2005-08-21 19:59:30"
53,1481,0.99,"2005-08-22 01:09:04"
53,1482,7.98,"2006-02-14 15:16:03"
53,1483,0.00,"2006-02-14 15:16:03"
54,1489,6.99,"2005-06-18 09:55:02"
54,1495,7.99,"2005-07-11 19:39:41"
54,1499,5.99,"2005-08-01 10:27:42"
54,1500,5.99,"2005-08-02 00:47:16"
54,1505,5.99,"2005-08-18 23:35:56"
54,1511,10.99,"2005-08-22 17:20:17"
55,1514,9.99,"2005-05-31 03:46:19"
55,1522,7.99,"2005-07-11 18:32:44"
55,1524,6.99,"2005-07-29 02:04:22"
55,1526,5.99,"2005-07-31 03:28:47"
55,1532,6.99,"2005-08-19 20:25:24"
56,1536,5.99,"2005-05-27 04:01:42"
56,1538,6.99,"2005-05-28 10:12:41"
56,1539,6.99,"2005-06-16 20:09:01"
56,1543,7.99,"2005-07-06 10:57:56"
56,1549,7.99,"2005-07-28 03:41:35"
56,1552,6.99,"2005-08-01 05:49:17"
56,1555,5.99,"2005-08-02 17:45:02"
56,1559,8.99,"2005-08-20 04:17:16"
56,1560,5.99,"2005-08-20 11:43:52"
56,1563,7.99,"2005-08-23 10:23:28"
57,1565,9.99,"2005-05-26 00:41:10"
57,1567,5.99,"2005-06-17 15:34:41"
57,1570,7.99,"2005-06-20 03:31:18"
57,1580,5.99,"2005-07-29 00:48:44"
57,1587,5.99,"2005-08-19 04:59:01"
57,1590,9.99,"2005-08-20 17:13:48"
57,1592,9.99,"2005-08-23 16:24:24"
58,1594,7.99,"2005-05-26 17:16:07"
58,1602,9.99,"2005-07-27 03:52:27"
58,1610,6.99,"2005-08-02 19:44:04"
58,1611,8.99,"2005-08-18 05:08:54"
58,1612,6.99,"2005-08-19 14:34:12"
58,1616,5.99,"2005-08-21 07:29:05"
58,1617,6.99,"2005-08-21 19:49:46"
59,1622,5.99,"2005-05-31 21:42:09"
59,1630,8.99,"2005-07-09 10:39:31"
59,1635,8.99,"2005-07-30 22:56:34"
59,1636,6.99,"2005-07-31 02:45:38"
59,1638,5.99,"2005-08-19 01:42:28"
59,1642,5.99,"2005-08-21 01:53:54"
59,1643,5.99,"2005-08-22 07:12:53"
59,1644,5.99,"2005-08-22 18:48:48"
60,1654,5.99,"2005-07-11 16:46:22"
60,1662,8.99,"2005-08-02 19:12:40"
60,1664,7.99,"2005-08-18 17:16:03"
60,1667,5.99,"2005-08-23 07:07:58"
60,1670,9.98,"2006-02-14 15:16:03"
61,1673,7.99,"2005-07-27 02:50:15"
61,1675,6.99,"2005-07-28 16:11:21"
61,1678,6.99,"2005-07-31 03:29:07"
61,1681,9.99,"2005-08-17 21:50:25"
61,1684,6.99,"2005-08-22 11:34:06"
62,1688,6.99,"2005-06-15 04:59:43"
62,1692,5.99,"2005-06-20 12:17:03"
62,1701,5.99,"2005-08-02 15:22:47"
62,1703,8.99,"2005-08-20 02:27:13"
62,1707,6.99,"2005-08-23 01:15:18"
63,1710,8.99,"2005-07-06 20:34:10"
63,1712,6.99,"2005-07-10 04:15:43"
63,1716,8.99,"2005-07-12 19:22:37"
63,1717,5.99,"2005-07-29 03:26:07"
63,1724,6.99,"2005-08-01 03:38:42"
63,1728,7.99,"2005-08-19 06:04:34"
63,1730,8.99,"2005-08-20 06:51:02"
63,1732,5.99,"2005-08-22 10:24:32"
64,1742,5.99,"2005-07-08 17:19:15"
64,1743,5.99,"2005-07-08 23:54:49"
64,1756,6.99,"2005-07-31 13:49:02"
64,1764,5.99,"2005-08-21 02:59:48"
65,1767,4.99,"2005-05-26 20:33:20"
65,1768,0.99,"2005-05-28 20:23:09"
65,1769,7.99,"2005-06-18 00:08:20"
65,1770,4.99,"2005-06-20 13:06:52"
65,1771,4.99,"2005-07-06 01:32:46"
65,1772,4.99,"2005-07-07 13:33:12"
65,1773,3.99,"2005-07-08 08:42:40"
65,1774,3.99,"2005-07-10 11:39:15"
65,1775,0.99,"2005-07-12 04:23:06"
65,1776,6.99,"2005-07-28 10:25:36"
65,1777,1.99,"2005-07-29 06:00:27"
65,1778,5.99,"2005-07-29 06:27:01"
65,1779,3.99,"2005-07-30 16:12:28"
65,1780,5.99,"2005-08-02 08:08:00"
65,1781,8.99,"2005-08-02 12:48:05"
65,1782,4.99,"2005-08-02 21:35:00"
65,1783,2.99,"2005-08-17 13:16:38"
65,1784,7.99,"2005-08-17 23:02:00"
65,1785,6.99,"2005-08-18 19:59:54"
65,1786,0.99,"2005-08-20 09:07:52"
65,1787,6.99,"2005-08-21 02:04:57"
65,1788,0.99,"2005-08-21 09:08:51"
66,1796,6.99,"2005-06-21 15:19:19"
66,1801,6.99,"2005-07-07 09:23:27"
66,1802,5.99,"2005-07-08 21:20:26"
66,1804,8.99,"2005-07-11 17:12:42"
66,1805,5.99,"2005-07-11 20:21:18"
66,1809,5.99,"2005-07-30 08:30:45"
66,1811,5.99,"2005-08-02 05:48:20"
66,1813,5.99,"2005-08-17 06:15:17"
66,1818,6.99,"2005-08-21 04:37:56"
66,1822,8.99,"2005-08-23 06:23:26"
67,1823,9.99,"2005-05-27 02:22:26"
67,1833,5.99,"2005-07-27 11:48:37"
67,1836,7.99,"2005-07-31 05:33:25"
67,1837,8.99,"2005-08-02 15:10:06"
67,1838,8.99,"2005-08-17 15:15:01"
68,1845,5.99,"2005-06-16 22:04:34"
68,1846,8.99,"2005-06-17 08:50:58"
68,1853,6.99,"2005-07-08 04:48:36"
68,1859,7.99,"2005-07-31 21:13:47"
68,1864,5.99,"2005-08-21 12:36:11"
69,1871,8.99,"2005-07-06 18:39:38"
69,1876,6.99,"2005-07-11 22:07:32"
69,1877,6.99,"2005-07-12 16:30:57"
69,1878,6.99,"2005-07-29 14:57:33"
69,1885,5.99,"2005-08-19 06:37:48"
69,1886,5.99,"2005-08-19 08:13:54"
70,1895,5.99,"2005-07-10 21:57:14"
70,1897,7.99,"2005-07-27 17:10:05"
70,1901,9.99,"2005-08-02 14:24:08"
70,1905,6.99,"2005-08-18 15:49:15"
71,1911,9.99,"2005-05-26 16:27:11"
71,1914,5.99,"2005-06-21 11:05:07"
71,1918,8.99,"2005-07-10 02:48:03"
71,1922,5.99,"2005-07-12 14:22:08"
71,1934,7.99,"2005-08-21 00:44:34"
72,1952,5.99,"2005-07-30 21:05:18"
72,1955,6.99,"2005-08-02 11:58:03"
72,1956,5.99,"2005-08-02 19:52:08"
73,1977,9.99,"2005-07-12 03:47:44"
74,1994,6.99,"2005-05-31 16:37:36"
74,1998,7.99,"2005-06-21 20:40:28"
74,2003,7.99,"2005-07-11 14:40:48"
74,2005,6.99,"2005-07-27 12:56:56"
74,2006,5.99,"2005-07-29 21:09:11"
74,2015,5.99,"2005-08-20 10:56:06"
75,2021,4.99,"2005-05-26 04:46:23"
75,2022,0.99,"2005-05-26 16:19:08"
75,2023,4.99,"2005-06-17 06:00:23"
75,2024,7.99,"2005-06-17 23:39:50"
75,2025,4.99,"2005-06-19 15:56:30"
75,2026,6.99,"2005-06-20 13:50:00"
75,2027,4.99,"2005-06-21 01:00:25"
75,2028,0.99,"2005-07-06 10:46:15"
75,2029,2.99,"2005-07-07 10:17:15"
75,2030,0.99,"2005-07-08 02:36:21"
75,2031,5.99,"2005-07-08 08:57:21"
75,2032,2.99,"2005-07-09 14:05:45"
75,2033,0.99,"2005-07-11 03:51:27"
75,2034,3.99,"2005-07-11 05:51:31"
75,2035,0.99,"2005-07-12 02:09:36"
75,2036,0.99,"2005-07-12 04:33:19"
75,2037,2.99,"2005-07-12 19:33:49"
75,2038,2.99,"2005-07-27 03:36:38"
75,2039,4.99,"2005-07-27 18:27:26"
75,2040,0.99,"2005-07-28 09:10:22"
75,2041,2.99,"2005-07-28 11:01:51"
75,2042,1.99,"2005-07-28 23:11:45"
75,2043,6.99,"2005-07-29 22:22:12"
75,2044,5.99,"2005-07-30 11:31:17"
75,2045,4.99,"2005-07-30 21:44:31"
75,2046,4.99,"2005-07-30 23:59:21"
75,2047,9.99,"2005-07-31 10:15:46"
75,2048,5.99,"2005-08-01 16:28:07"
75,2049,3.99,"2005-08-01 19:14:53"
75,2050,4.99,"2005-08-02 00:27:24"
75,2051,0.99,"2005-08-02 16:45:33"
75,2052,2.99,"2005-08-17 18:56:02"
75,2053,0.99,"2005-08-18 03:26:42"
75,2054,1.99,"2005-08-18 06:59:41"
75,2055,5.99,"2005-08-18 09:49:52"
75,2056,4.99,"2005-08-18 10:24:11"
75,2057,0.99,"2005-08-18 19:10:41"
75,2058,5.99,"2005-08-23 18:23:24"
75,2059,8.97,"2006-02-14 15:16:03"
75,2060,0.00,"2006-02-14 15:16:03"
75,2061,0.00,"2006-02-14 15:16:03"
76,2065,6.99,"2005-06-16 20:04:28"
76,2073,6.99,"2005-07-29 00:57:06"
76,2080,7.99,"2005-08-02 10:27:52"
76,2084,10.99,"2005-08-23 05:17:23"
77,2089,5.99,"2005-05-29 11:07:25"
77,2092,8.99,"2005-06-18 19:29:21"
77,2107,7.99,"2005-08-17 10:00:40"
77,2108,6.99,"2005-08-17 21:31:46"
77,2110,9.99,"2005-08-20 11:17:45"
78,2114,6.99,"2005-06-20 06:05:53"
78,2115,7.99,"2005-06-21 03:12:21"
78,2117,5.99,"2005-07-07 12:41:36"
78,2127,6.99,"2005-07-28 13:34:08"
78,2129,5.99,"2005-07-30 07:31:45"
78,2132,7.99,"2005-08-01 23:22:45"
78,2133,10.99,"2005-08-02 03:16:31"
78,2134,8.99,"2005-08-18 12:10:03"
78,2136,5.99,"2005-08-19 11:55:59"
78,2138,5.99,"2005-08-20 12:21:37"
78,2142,7.99,"2005-08-22 02:51:41"
79,2156,5.99,"2005-07-11 10:12:30"
79,2157,9.99,"2005-07-27 09:35:54"
79,2160,6.99,"2005-07-31 12:28:05"
80,2167,8.99,"2005-06-19 19:29:17"
80,2170,8.99,"2005-07-07 14:36:05"
80,2172,5.99,"2005-07-08 11:03:29"
80,2175,5.99,"2005-07-11 12:16:03"
80,2176,6.99,"2005-07-11 23:35:11"
80,2179,5.99,"2005-07-29 09:38:19"
80,2180,6.99,"2005-07-30 00:26:22"
80,2182,6.99,"2005-08-01 16:38:04"
80,2183,8.99,"2005-08-01 18:05:54"
80,2184,5.99,"2005-08-02 08:08:24"
80,2193,8.99,"2005-08-23 08:27:57"
80,2194,5.99,"2005-08-23 21:13:39"
81,2198,5.99,"2005-06-19 23:11:48"
81,2201,9.99,"2005-07-09 00:34:16"
81,2207,5.99,"2005-08-17 13:04:41"
81,2209,5.99,"2005-08-20 13:26:37"
81,2212,7.99,"2005-08-21 23:02:02"
81,2213,5.99,"2005-08-22 17:18:05"
82,2219,8.99,"2005-05-26 19:47:49"
82,2222,8.99,"2005-06-18 23:29:53"
82,2223,8.99,"2005-06-19 20:13:33"
82,2226,6.99,"2005-07-08 06:46:26"
82,2228,6.99,"2005-07-11 05:12:41"
82,2229,6.99,"2005-07-12 13:10:55"
82,2230,9.99,"2005-07-28 05:04:47"
82,2234,8.99,"2005-07-30 16:45:56"
82,2235,6.99,"2005-07-30 21:54:22"
82,2237,5.99,"2005-08-17 06:41:58"
82,2240,6.99,"2005-08-20 14:33:59"
83,2247,5.99,"2005-06-15 13:13:49"
83,2248,5.99,"2005-06-16 05:12:37"
83,2251,6.99,"2005-07-06 11:10:27"
83,2254,6.99,"2005-07-09 19:36:15"
83,2261,5.99,"2005-08-17 01:28:05"
83,2264,5.99,"2005-08-19 07:08:05"
83,2267,5.99,"2005-08-23 11:52:18"
84,2270,6.99,"2005-05-29 08:28:18"
84,2275,5.99,"2005-06-17 11:57:15"
84,2278,6.99,"2005-07-07 05:06:27"
84,2279,6.99,"2005-07-08 18:11:00"
84,2280,5.99,"2005-07-09 12:02:23"
84,2282,5.99,"2005-07-11 00:05:58"
84,2284,9.99,"2005-07-11 23:27:52"
84,2287,8.99,"2005-07-29 15:04:27"
84,2294,7.99,"2005-08-02 21:00:05"
84,2299,5.99,"2005-08-21 08:29:20"
85,2302,9.99,"2005-05-29 00:54:53"
85,2305,5.99,"2005-06-17 21:02:25"
85,2315,7.99,"2005-07-30 21:16:33"
85,2320,8.99,"2005-08-02 07:03:24"
86,2336,9.99,"2005-07-08 05:34:41"
86,2338,8.99,"2005-07-10 12:27:38"
86,2339,7.99,"2005-07-12 20:15:04"
86,2341,10.99,"2005-07-28 10:21:52"
86,2342,5.99,"2005-07-29 21:26:24"
86,2345,8.99,"2005-08-01 02:39:39"
86,2347,6.99,"2005-08-01 13:58:47"
86,2357,5.99,"2005-08-23 18:45:06"
87,2364,9.99,"2005-06-20 18:25:57"
87,2365,7.99,"2005-07-09 05:33:27"
87,2370,7.99,"2005-07-28 22:33:53"
87,2371,5.99,"2005-07-29 02:02:46"
87,2375,8.99,"2005-07-30 18:44:44"
87,2379,8.99,"2005-08-18 04:11:03"
87,2380,5.99,"2005-08-18 04:17:33"
87,2383,10.99,"2005-08-20 21:13:58"
88,2390,7.99,"2005-06-18 21:22:23"
88,2394,5.99,"2005-07-06 09:02:09"
88,2395,5.99,"2005-07-06 16:43:10"
88,2398,5.99,"2005-07-27 04:42:28"
88,2399,8.99,"2005-07-28 00:34:06"
88,2404,6.99,"2005-08-02 06:36:27"
88,2406,5.99,"2005-08-22 01:32:32"
89,2411,5.99,"2005-05-29 08:30:36"
89,2412,8.99,"2005-06-15 06:05:18"
89,2413,7.99,"2005-06-15 16:45:07"
89,2416,7.99,"2005-06-19 21:44:11"
89,2419,8.99,"2005-07-08 15:01:25"
89,2420,7.99,"2005-07-09 08:09:53"
89,2424,7.99,"2005-07-27 15:15:53"
90,2442,6.99,"2005-06-19 05:02:36"
90,2448,5.99,"2005-07-27 03:06:09"
90,2450,5.99,"2005-07-27 17:21:52"
90,2451,6.99,"2005-07-28 13:01:22"
90,2454,9.99,"2005-07-30 00:08:08"
90,2456,7.99,"2005-08-01 00:52:40"
90,2468,7.99,"2005-08-23 09:16:39"
91,2469,5.99,"2005-05-26 09:17:43"
92,2504,5.99,"2005-05-26 16:22:01"
92,2508,8.99,"2005-06-19 15:59:04"
92,2509,8.99,"2005-07-06 04:59:49"
92,2510,7.99,"2005-07-06 10:52:32"
92,2513,5.99,"2005-07-10 00:23:23"
92,2514,7.99,"2005-07-10 05:30:52"
92,2515,6.99,"2005-07-10 14:22:19"
92,2518,6.99,"2005-07-11 16:19:01"
92,2527,5.99,"2005-08-19 08:07:50"
93,2533,6.99,"2005-05-27 15:19:38"
93,2543,5.99,"2005-08-02 14:18:22"
93,2547,8.99,"2005-08-20 17:58:00"
93,2551,5.99,"2005-08-22 20:23:13"
94,2563,8.99,"2005-07-07 15:37:31"
94,2570,5.99,"2005-08-20 12:13:24"
95,2583,5.99,"2005-07-08 18:08:13"
95,2584,5.99,"2005-07-27 10:29:06"
95,2586,6.99,"2005-07-30 13:21:08"
95,2587,6.99,"2005-07-31 07:13:30"
95,2591,5.99,"2005-08-18 07:32:12"
95,2592,7.99,"2005-08-20 02:32:45"
96,2595,7.99,"2005-06-15 17:25:07"
96,2598,5.99,"2005-06-20 07:59:27"
96,2608,6.99,"2005-07-29 07:23:43"
97,2632,5.99,"2005-07-27 08:15:38"
98,2641,5.99,"2005-06-16 05:11:41"
98,2646,7.99,"2005-07-06 09:22:48"
98,2651,5.99,"2005-07-29 03:56:05"
98,2653,5.99,"2005-07-29 22:14:04"
98,2659,5.99,"2005-08-17 04:33:17"
98,2661,5.99,"2005-08-18 02:50:51"
98,2663,7.99,"2005-08-23 03:58:28"
99,2667,6.99,"2005-07-06 13:52:02"
99,2680,7.99,"2005-07-29 00:34:27"
99,2682,7.99,"2005-08-01 06:42:44"
99,2686,8.99,"2005-08-19 02:50:36"
100,2692,6.99,"2005-06-21 22:43:45"
100,2693,5.99,"2005-07-06 05:23:10"
100,2694,8.99,"2005-07-06 15:01:27"
100,2696,8.99,"2005-07-08 23:54:29"
100,2697,6.99,"2005-07-09 00:26:59"
100,2699,6.99,"2005-07-09 18:07:17"
100,2704,5.99,"2005-07-30 06:57:07"
101,2712,9.99,"2005-05-27 21:13:10"
101,2715,5.99,"2005-07-09 07:40:32"
101,2718,5.99,"2005-07-12 00:12:02"
101,2719,5.99,"2005-07-27 05:38:42"
101,2720,8.99,"2005-07-28 10:08:01"
101,2724,6.99,"2005-07-31 16:19:32"
101,2726,6.99,"2005-08-01 02:39:49"
102,2740,8.99,"2005-06-18 17:21:24"
102,2744,6.99,"2005-07-07 05:45:59"
102,2746,6.99,"2005-07-09 01:06:03"
102,2747,5.99,"2005-07-09 01:32:17"
102,2749,5.99,"2005-07-10 00:54:46"
102,2751,5.99,"2005-07-12 00:14:25"
102,2754,6.99,"2005-07-27 17:42:31"
102,2756,5.99,"2005-07-29 15:36:27"
102,2766,9.99,"2005-08-19 22:57:25"
103,2769,7.99,"2005-05-26 12:40:23"
103,2770,9.99,"2005-05-28 20:23:23"
103,2775,6.99,"2005-07-06 12:19:28"
103,2777,6.99,"2005-07-07 03:02:40"
103,2782,5.99,"2005-07-12 04:17:15"
103,2783,6.99,"2005-07-12 12:44:57"
103,2786,6.99,"2005-07-27 19:04:19"
103,2790,7.99,"2005-08-19 05:40:36"
103,2794,8.99,"2005-08-22 23:13:10"
103,2795,5.99,"2005-08-23 01:13:52"
103,2797,5.99,"2005-08-23 06:25:07"
103,2799,8.99,"2005-08-23 22:43:07"
104,2800,10.99,"2005-05-26 02:26:23"
104,2807,6.99,"2005-07-07 22:56:17"
104,2809,7.99,"2005-07-08 03:26:20"
104,2815,5.99,"2005-07-31 17:32:03"
105,2824,8.99,"2005-05-27 01:18:57"
105,2825,7.99,"2005-05-27 21:36:34"
105,2827,6.99,"2005-05-29 14:17:17"
105,2839,5.99,"2005-07-30 12:37:08"
105,2840,9.99,"2005-07-30 12:56:44"
105,2844,6.99,"2005-08-19 09:40:05"
106,2863,7.99,"2005-07-31 09:16:57"
106,2864,8.99,"2005-08-01 01:03:18"
106,2866,8.99,"2005-08-01 09:01:40"
106,2868,7.99,"2005-08-18 00:36:09"
106,2872,6.99,"2005-08-22 14:27:37"
107,2873,5.99,"2005-05-26 03:11:12"
107,2874,5.99,"2005-05-31 03:45:26"
107,2876,6.99,"2005-06-19 13:11:47"
107,2882,6.99,"2005-07-06 15:43:15"
107,2888,5.99,"2005-07-12 17:54:33"
107,2889,6.99,"2005-07-26 23:11:03"
107,2891,7.99,"2005-07-27 23:41:18"
107,2898,6.99,"2005-08-20 02:18:30"
108,2907,8.99,"2005-06-17 15:47:00"
108,2915,6.99,"2005-07-09 14:34:09"
108,2916,5.99,"2005-07-10 07:53:51"
108,2919,5.99,"2005-07-29 04:06:33"
108,2923,5.99,"2005-08-02 16:07:49"
108,2924,6.99,"2005-08-02 20:33:35"
108,2927,6.99,"2005-08-18 17:36:19"
108,2930,8.99,"2005-08-23 04:52:16"
109,2933,5.99,"2005-05-26 07:27:57"
109,2937,7.99,"2005-05-31 08:27:58"
109,2942,6.99,"2005-06-18 01:51:22"
109,2943,5.99,"2005-06-19 12:12:30"
109,2944,5.99,"2005-06-20 15:01:19"
109,2948,6.99,"2005-07-12 22:32:58"
109,2955,6.99,"2005-08-17 23:52:26"
109,2957,7.99,"2005-08-22 23:10:49"
110,2959,7.99,"2005-05-28 03:10:10"
110,2961,8.99,"2005-06-16 00:32:52"
110,2969,7.99,"2005-08-17 04:54:14"
111,2974,6.99,"2005-06-16 05:14:52"
111,2982,9.99,"2005-07-06 22:19:17"
111,2995,5.99,"2005-08-20 02:50:44"
111,2997,6.99,"2005-08-22 15:26:36"
112,3011,6.99,"2005-07-30 17:19:44"
112,3013,5.99,"2005-07-31 11:59:05"
112,3016,5.99,"2005-08-01 14:18:57"
112,3018,7.99,"2005-08-17 03:08:10"
112,3021,8.99,"2005-08-20 06:20:42"
112,3023,5.99,"2005-08-20 22:08:55"
112,3027,8.99,"2005-08-23 09:46:33"
113,3035,8.99,"2005-06-20 18:28:19"
113,3036,6.99,"2005-06-20 21:21:15"
113,3037,5.99,"2005-07-06 07:55:30"
113,3042,5.99,"2005-07-10 13:31:56"
113,3045,5.99,"2005-07-27 18:52:27"
113,3047,6.99,"2005-07-30 13:20:06"
113,3051,7.99,"2005-08-17 05:11:07"
113,3052,5.99,"2005-08-17 14:11:45"
113,3053,5.99,"2005-08-18 08:57:58"
114,3062,7.99,"2005-06-19 12:13:37"
114,3064,5.99,"2005-06-20 20:14:20"
114,3076,5.99,"2005-07-28 12:39:11"
114,3078,10.99,"2005-07-29 12:32:20"
114,3082,6.99,"2005-08-18 19:51:29"
114,3083,6.99,"2005-08-20 00:45:40"
114,3084,5.99,"2005-08-21 02:43:20"
115,3096,6.99,"2005-06-21 06:41:48"
115,3104,5.99,"2005-07-12 06:04:22"
115,3105,6.99,"2005-07-12 16:49:11"
115,3118,6.99,"2005-08-22 15:30:25"
116,3128,6.99,"2005-07-06 19:47:26"
116,3135,5.99,"2005-07-28 06:35:16"
116,3136,6.99,"2005-07-30 14:07:50"
116,3142,7.99,"2005-08-19 12:54:42"
116,3145,6.99,"2005-08-20 11:56:30"
116,3146,11.99,"2005-08-21 23:34:00"
117,3152,5.99,"2005-07-10 00:45:48"
117,3154,9.99,"2005-07-11 05:52:50"
117,3155,6.99,"2005-07-12 00:48:58"
117,3162,6.99,"2005-08-18 15:37:42"
118,3167,5.99,"2005-05-27 05:39:03"
118,3179,7.99,"2005-07-29 19:22:40"
118,3183,6.99,"2005-08-19 14:33:45"
118,3184,5.99,"2005-08-21 10:23:10"
118,3185,7.99,"2005-08-21 17:35:17"
119,3189,5.99,"2005-05-26 11:51:09"
119,3190,6.99,"2005-05-28 06:40:25"
119,3191,7.99,"2005-06-15 00:36:50"
119,3193,5.99,"2005-06-21 14:34:51"
119,3194,8.99,"2005-07-08 18:18:16"
119,3195,5.99,"2005-07-09 09:39:31"
119,3197,7.99,"2005-07-11 05:07:14"
119,3200,5.99,"2005-07-28 22:21:07"
119,3208,5.99,"2005-08-17 00:04:28"
119,3211,6.99,"2005-08-19 01:57:21"
119,3215,6.99,"2005-08-21 19:11:58"
119,3219,6.99,"2005-08-22 15:23:59"
120,3222,7.99,"2005-05-25 09:47:31"
120,3228,9.99,"2005-06-19 19:18:27"
120,3230,5.99,"2005-07-07 00:07:00"
120,3233,9.99,"2005-07-08 10:05:02"
120,3240,6.99,"2005-07-30 04:54:14"
120,3241,6.99,"2005-07-31 14:39:50"
120,3247,7.99,"2005-08-19 21:31:31"
120,3251,9.99,"2005-08-21 12:48:48"
120,3252,6.99,"2005-08-22 06:49:15"
121,3262,6.99,"2005-07-29 05:16:21"
121,3265,8.99,"2005-07-30 04:00:19"
121,3266,5.99,"2005-08-01 09:17:34"
121,3267,8.99,"2005-08-17 07:46:54"
121,3271,5.99,"2005-08-19 03:28:13"
121,3273,7.99,"2005-08-21 01:59:37"
121,3275,9.99,"2005-08-21 11:02:09"
121,3277,7.99,"2005-08-22 12:24:55"
122,3283,7.99,"2005-06-15 18:55:34"
122,3291,7.99,"2005-07-07 13:23:17"
122,3293,6.99,"2005-07-09 12:54:25"
122,3297,7.99,"2005-07-27 00:39:16"
122,3302,5.99,"2005-07-29 19:55:25"
122,3311,5.99,"2005-08-21 19:51:09"
123,3319,8.99,"2005-07-08 18:54:07"
123,3324,5.99,"2005-07-28 13:57:37"
123,3328,8.99,"2005-08-01 03:53:49"
123,3332,7.99,"2005-08-22 14:25:21"
124,3339,5.99,"2005-05-31 18:13:57"
124,3341,7.99,"2005-07-07 18:44:23"
124,3345,6.99,"2005-07-27 21:01:41"
124,3346,8.99,"2005-07-28 03:54:14"
124,3349,5.99,"2005-08-02 22:47:00"
125,3357,7.99,"2005-06-19 20:41:35"
125,3361,7.99,"2005-07-10 01:47:55"
125,3363,6.99,"2005-07-11 15:55:34"
125,3370,9.99,"2005-07-30 09:51:21"
125,3377,7.99,"2005-08-02 14:30:03"
125,3383,6.99,"2005-08-19 23:48:23"
126,3390,5.99,"2005-07-06 00:15:06"
126,3392,7.99,"2005-07-06 15:08:08"
126,3398,6.99,"2005-07-12 15:07:49"
126,3401,6.99,"2005-07-30 23:52:21"
126,3403,9.99,"2005-08-02 11:42:40"
126,3408,7.99,"2005-08-19 07:56:51"
126,3413,7.99,"2005-08-23 21:02:43"
127,3419,5.99,"2005-07-08 09:47:51"
127,3420,5.99,"2005-07-08 17:04:24"
127,3424,6.99,"2005-07-28 23:29:28"
127,3425,6.99,"2005-07-31 13:02:55"
127,3427,10.99,"2005-08-01 21:35:01"
127,3428,7.99,"2005-08-02 04:09:42"
127,3436,5.99,"2005-08-23 01:15:07"
127,3437,5.99,"2005-08-23 11:40:30"
128,3438,5.99,"2005-05-30 07:13:14"
128,3440,7.99,"2005-06-19 00:19:21"
128,3443,5.99,"2005-07-06 23:43:03"
128,3448,6.99,"2005-07-12 01:50:15"
128,3452,5.99,"2005-07-30 13:11:11"
128,3454,5.99,"2005-07-30 21:28:17"
128,3463,5.99,"2005-08-19 14:00:56"
128,3467,8.99,"2005-08-22 05:16:16"
128,3469,8.99,"2005-08-23 15:25:27"
129,3488,7.99,"2005-07-31 17:09:36"
129,3489,7.99,"2005-07-31 18:26:36"
129,3490,5.99,"2005-07-31 23:24:31"
129,3498,10.99,"2005-08-20 07:54:54"
130,3511,6.99,"2005-06-20 08:38:29"
130,3519,5.99,"2005-07-31 08:33:08"
130,3521,5.99,"2005-08-01 15:52:01"
130,3524,6.99,"2005-08-18 23:39:22"
130,3526,5.99,"2005-08-23 05:29:32"
131,3530,7.99,"2005-05-30 15:26:24"
131,3531,9.99,"2005-06-16 09:12:53"
131,3541,6.99,"2005-07-29 01:21:02"
131,3542,8.99,"2005-07-29 11:40:08"
131,3551,9.99,"2005-08-18 08:04:35"
131,3552,6.99,"2005-08-19 09:31:23"
131,3553,7.99,"2005-08-19 20:28:21"
132,3568,5.99,"2005-07-08 04:49:15"
132,3571,5.99,"2005-07-10 08:59:03"
132,3574,6.99,"2005-07-11 14:20:48"
132,3579,6.99,"2005-08-01 07:18:24"
132,3581,6.99,"2005-08-01 15:44:20"
133,3586,6.99,"2005-05-26 17:09:53"
133,3589,7.99,"2005-06-19 11:12:35"
133,3592,6.99,"2005-07-08 02:22:18"
133,3594,6.99,"2005-07-08 10:36:03"
133,3601,6.99,"2005-07-29 05:50:09"
133,3612,6.99,"2005-08-23 21:07:59"
134,3615,6.99,"2005-05-29 20:16:12"
134,3617,9.99,"2005-06-16 07:08:38"
134,3620,5.99,"2005-06-21 04:55:21"
134,3627,6.99,"2005-08-02 00:18:59"
134,3631,7.99,"2005-08-18 22:37:41"
135,3636,5.99,"2005-05-25 11:35:18"
135,3642,7.99,"2005-07-09 04:01:02"
135,3649,7.99,"2005-07-27 22:12:41"
135,3652,7.99,"2005-07-30 00:36:26"
135,3653,6.99,"2005-07-30 04:37:36"
135,3658,5.99,"2005-08-02 11:35:53"
135,3659,7.99,"2005-08-17 07:21:22"
135,3663,5.99,"2005-08-21 01:57:26"
136,3671,8.99,"2005-07-12 06:50:52"
136,3673,5.99,"2005-07-31 09:42:58"
136,3674,10.99,"2005-08-17 18:27:22"
136,3675,5.99,"2005-08-18 04:58:06"
137,3682,6.99,"2005-06-18 20:24:23"
137,3685,5.99,"2005-06-21 19:16:09"
137,3687,5.99,"2005-07-06 09:10:37"
137,3688,6.99,"2005-07-06 18:06:12"
137,3689,6.99,"2005-07-07 18:25:26"
137,3694,6.99,"2005-07-11 03:12:19"
137,3696,8.99,"2005-07-28 16:11:15"
137,3701,7.99,"2005-07-30 22:44:36"
137,3704,6.99,"2005-07-31 23:40:11"
137,3706,5.99,"2005-08-01 23:41:24"
137,3712,5.99,"2005-08-20 01:03:31"
137,3713,5.99,"2005-08-20 11:57:06"
137,3714,7.99,"2005-08-21 23:17:26"
137,3715,7.99,"2005-08-22 11:17:06"
137,3719,9.99,"2005-08-23 21:56:04"
138,3724,7.99,"2005-06-19 15:14:55"
138,3738,9.99,"2005-07-31 15:49:40"
138,3742,5.99,"2005-08-01 08:41:54"
139,3757,7.99,"2005-06-19 14:49:42"
139,3761,7.99,"2005-07-09 14:15:01"
139,3762,6.99,"2005-07-09 19:26:22"
